INSERT INTO Microindel (idMicroindel, Name, Info)
VALUES ("1", "rs470063", "-/AT");
INSERT INTO Microindel (idMicroindel, Name, Info)
VALUES ("2", "rs470099", "-/CA");
INSERT INTO Microindel (idMicroindel, Name, Info)
VALUES ("3", "rs866898", "-/C/CC");
INSERT INTO Microindel (idMicroindel, Name, Info)
VALUES ("4", "rs866904", "-/G");
INSERT INTO Microindel (idMicroindel, Name, Info)
VALUES ("5", "rs361504", "-/A");
INSERT INTO Microindel (idMicroindel, Name, Info)
VALUES ("6", "rs361518", "-/A/T");
INSERT INTO Microindel (idMicroindel, Name, Info)
VALUES ("7", "rs361523", "-/A");
INSERT INTO Microindel (idMicroindel, Name, Info)
VALUES ("8", "rs361527", "-/TCAACATTTAT");
INSERT INTO Microindel (idMicroindel, Name, Info)
VALUES ("9", "rs361532", "-/CAA");
INSERT INTO Microindel (idMicroindel, Name, Info)
VALUES ("10", "rs361536", "-/GTTTGTTT");
INSERT INTO Microindel (idMicroindel, Name, Info)
VALUES ("11", "rs361549", "-/A");
INSERT INTO Microindel (idMicroindel, Name, Info)
VALUES ("12", "rs361552", "-/T");
INSERT INTO Microindel (idMicroindel, Name, Info)
VALUES ("13", "rs361560", "-/TTTG");
INSERT INTO Microindel (idMicroindel, Name, Info)
VALUES ("14", "rs361571", "-/ACTC");
INSERT INTO Microindel (idMicroindel, Name, Info)
VALUES ("15", "rs361576", "-/G");
INSERT INTO Microindel (idMicroindel, Name, Info)
VALUES ("16", "rs361578", "-/G");
INSERT INTO Microindel (idMicroindel, Name, Info)
VALUES ("17", "rs361590", "-/T");
INSERT INTO Microindel (idMicroindel, Name, Info)
VALUES ("18", "rs361610", "-/A");
INSERT INTO Microindel (idMicroindel, Name, Info)
VALUES ("19", "rs361619", "-/A");
INSERT INTO Microindel (idMicroindel, Name, Info)
VALUES ("20", "rs361622", "-/C");
INSERT INTO Microindel (idMicroindel, Name, Info)
VALUES ("21", "rs361625", "-/AA");
INSERT INTO Microindel (idMicroindel, Name, Info)
VALUES ("22", "rs361628", "-/C");
INSERT INTO Microindel (idMicroindel, Name, Info)
VALUES ("23", "rs361629", "-/T");
INSERT INTO Microindel (idMicroindel, Name, Info)
VALUES ("24", "rs361635", "-/TT");
INSERT INTO Microindel (idMicroindel, Name, Info)
VALUES ("25", "rs361638", "-/GTA");
INSERT INTO Microindel (idMicroindel, Name, Info)
VALUES ("26", "rs361649", "-/T");
INSERT INTO Microindel (idMicroindel, Name, Info)
VALUES ("27", "rs361657", "-/TTTCTT");
INSERT INTO Microindel (idMicroindel, Name, Info)
VALUES ("28", "rs361665", "-/AAAC/AAACAAAC");
INSERT INTO Microindel (idMicroindel, Name, Info)
VALUES ("29", "rs361677", "-/TTT/TTTT");
INSERT INTO Microindel (idMicroindel, Name, Info)
VALUES ("30", "rs361690", "-/A");
INSERT INTO Microindel (idMicroindel, Name, Info)
VALUES ("31", "rs361699", "-/A");
INSERT INTO Microindel (idMicroindel, Name, Info)
VALUES ("32", "rs361700", "-/A");
INSERT INTO Microindel (idMicroindel, Name, Info)
VALUES ("33", "rs361706", "-/A");
INSERT INTO Microindel (idMicroindel, Name, Info)
VALUES ("34", "rs361707", "-/T");
INSERT INTO Microindel (idMicroindel, Name, Info)
VALUES ("35", "rs361711", "-/TTTTTGT");
INSERT INTO Microindel (idMicroindel, Name, Info)
VALUES ("36", "rs361719", "-/AATA/AATAAATA");
INSERT INTO Microindel (idMicroindel, Name, Info)
VALUES ("37", "rs361723", "-/ACAG");
INSERT INTO Microindel (idMicroindel, Name, Info)
VALUES ("38", "rs361740", "-/G");
INSERT INTO Microindel (idMicroindel, Name, Info)
VALUES ("39", "rs361745", "-/A/G");
INSERT INTO Microindel (idMicroindel, Name, Info)
VALUES ("40", "rs361756", "-/TTTTG");
INSERT INTO Microindel (idMicroindel, Name, Info)
VALUES ("41", "rs361761", "-/A");
INSERT INTO Microindel (idMicroindel, Name, Info)
VALUES ("42", "rs361765", "-/GTGTGTGTGC");
INSERT INTO Microindel (idMicroindel, Name, Info)
VALUES ("43", "rs361770", "-/T");
INSERT INTO Microindel (idMicroindel, Name, Info)
VALUES ("44", "rs361772", "-/A/AAA/AAAA");
INSERT INTO Microindel (idMicroindel, Name, Info)
VALUES ("45", "rs361774", "-/GATG/TATG");
INSERT INTO Microindel (idMicroindel, Name, Info)
VALUES ("46", "rs361782", "-/TGGG/TGGT/TTGG");
INSERT INTO Microindel (idMicroindel, Name, Info)
VALUES ("47", "rs361786", "-/GAAA");
INSERT INTO Microindel (idMicroindel, Name, Info)
VALUES ("48", "rs361804", "-/GC");
INSERT INTO Microindel (idMicroindel, Name, Info)
VALUES ("49", "rs361806", "-/TACAAA/A");
INSERT INTO Microindel (idMicroindel, Name, Info)
VALUES ("50", "rs361819", "-/G");
INSERT INTO Microindel (idMicroindel, Name, Info)
VALUES ("51", "rs361824", "-/A/AA");
INSERT INTO Microindel (idMicroindel, Name, Info)
VALUES ("52", "rs361831", "-/A");
INSERT INTO Microindel (idMicroindel, Name, Info)
VALUES ("53", "rs361832", "-/G");
INSERT INTO Microindel (idMicroindel, Name, Info)
VALUES ("54", "rs361833", "-/AGGA/GGA");
INSERT INTO Microindel (idMicroindel, Name, Info)
VALUES ("55", "rs361839", "-/GCAGTC");
INSERT INTO Microindel (idMicroindel, Name, Info)
VALUES ("56", "rs361840", "-/G");
INSERT INTO Microindel (idMicroindel, Name, Info)
VALUES ("57", "rs361841", "-/GTG");
INSERT INTO Microindel (idMicroindel, Name, Info)
VALUES ("58", "rs361848", "-/G");
INSERT INTO Microindel (idMicroindel, Name, Info)
VALUES ("59", "rs361849", "-/CT");
INSERT INTO Microindel (idMicroindel, Name, Info)
VALUES ("60", "rs361869", "-/T");
INSERT INTO Microindel (idMicroindel, Name, Info)
VALUES ("61", "rs361870", "-/TG");
INSERT INTO Microindel (idMicroindel, Name, Info)
VALUES ("62", "rs361881", "-/TTT/TT/T");
INSERT INTO Microindel (idMicroindel, Name, Info)
VALUES ("63", "rs361884", "-/AA/A");
INSERT INTO Microindel (idMicroindel, Name, Info)
VALUES ("64", "rs361892", "-/T");
INSERT INTO Microindel (idMicroindel, Name, Info)
VALUES ("65", "rs361903", "-/CGGAGCCAGAGGGCCGGGGGGTCCCACA");
INSERT INTO Microindel (idMicroindel, Name, Info)
VALUES ("66", "rs361908", "-/AA/A");
INSERT INTO Microindel (idMicroindel, Name, Info)
VALUES ("67", "rs361910", "-/T");
INSERT INTO Microindel (idMicroindel, Name, Info)
VALUES ("68", "rs361911", "-/T/TT");
INSERT INTO Microindel (idMicroindel, Name, Info)
VALUES ("69", "rs361923", "-/CAG");
INSERT INTO Microindel (idMicroindel, Name, Info)
VALUES ("70", "rs361931", "-/A/AA/AAAAAAAA");
INSERT INTO Microindel (idMicroindel, Name, Info)
VALUES ("71", "rs361941", "-/CT");
INSERT INTO Microindel (idMicroindel, Name, Info)
VALUES ("72", "rs361943", "-/A");
INSERT INTO Microindel (idMicroindel, Name, Info)
VALUES ("73", "rs361953", "-/A/AA");
INSERT INTO Microindel (idMicroindel, Name, Info)
VALUES ("74", "rs361962", "-/GT/GTTTTT/TTTTG/TTTTTTTTT");
INSERT INTO Microindel (idMicroindel, Name, Info)
VALUES ("75", "rs361967", "-/T");
INSERT INTO Microindel (idMicroindel, Name, Info)
VALUES ("76", "rs361968", "-/C");
INSERT INTO Microindel (idMicroindel, Name, Info)
VALUES ("77", "rs361972", "-/AAAAAAAAAAAAAAAA");
INSERT INTO Microindel (idMicroindel, Name, Info)
VALUES ("78", "rs361977", "-/AAA/AAAAA");
INSERT INTO Microindel (idMicroindel, Name, Info)
VALUES ("79", "rs361994", "-/C");
INSERT INTO Microindel (idMicroindel, Name, Info)
VALUES ("80", "rs362018", "-/T/TAAAA/TAAAATAAAATAAAA/TAAAG");
INSERT INTO Microindel (idMicroindel, Name, Info)
VALUES ("81", "rs362033", "-/GAA");
INSERT INTO Microindel (idMicroindel, Name, Info)
VALUES ("82", "rs362034", "-/GA/GAAA/GATA");
INSERT INTO Microindel (idMicroindel, Name, Info)
VALUES ("83", "rs362039", "-/A/AA");
INSERT INTO Microindel (idMicroindel, Name, Info)
VALUES ("84", "rs362055", "-/T");
INSERT INTO Microindel (idMicroindel, Name, Info)
VALUES ("85", "rs362058", "-/C");
INSERT INTO Microindel (idMicroindel, Name, Info)
VALUES ("86", "rs362081", "-/TA");
INSERT INTO Microindel (idMicroindel, Name, Info)
VALUES ("87", "rs362104", "-/A");
INSERT INTO Microindel (idMicroindel, Name, Info)
VALUES ("88", "rs362114", "-/ACA");
INSERT INTO Microindel (idMicroindel, Name, Info)
VALUES ("89", "rs362117", "-/A");
INSERT INTO Microindel (idMicroindel, Name, Info)
VALUES ("90", "rs362121", "-/A");
INSERT INTO Microindel (idMicroindel, Name, Info)
VALUES ("91", "rs362122", "-/TT");
INSERT INTO Microindel (idMicroindel, Name, Info)
VALUES ("92", "rs362123", "-/G");
INSERT INTO Microindel (idMicroindel, Name, Info)
VALUES ("93", "rs362127", "-/GGTA/T");
INSERT INTO Microindel (idMicroindel, Name, Info)
VALUES ("94", "rs362136", "-/CT/TTT/TT/T");
INSERT INTO Microindel (idMicroindel, Name, Info)
VALUES ("95", "rs362140", "-/CATA");
INSERT INTO Microindel (idMicroindel, Name, Info)
VALUES ("96", "rs362143", "-/A");
INSERT INTO Microindel (idMicroindel, Name, Info)
VALUES ("97", "rs362145", "-/TT/T");
INSERT INTO Microindel (idMicroindel, Name, Info)
VALUES ("98", "rs362170", "-/A");
INSERT INTO Microindel (idMicroindel, Name, Info)
VALUES ("99", "rs362186", "-/A");
INSERT INTO Microindel (idMicroindel, Name, Info)
VALUES ("100", "rs362224", "-/CCT");
INSERT INTO Microindel (idMicroindel, Name, Info)
VALUES ("101", "rs362237", "-/TT");
INSERT INTO Microindel (idMicroindel, Name, Info)
VALUES ("102", "rs362248", "-/AAAAA/AAAAAAA/AAAAAAAA");
INSERT INTO Microindel (idMicroindel, Name, Info)
VALUES ("103", "rs362260", "-/AA");
INSERT INTO Microindel (idMicroindel, Name, Info)
VALUES ("104", "rs362261", "-/T");
INSERT INTO Microindel (idMicroindel, Name, Info)
VALUES ("105", "rs363764", "-/TCT");
INSERT INTO Microindel (idMicroindel, Name, Info)
VALUES ("106", "rs363779", "-/ACAC");
INSERT INTO Microindel (idMicroindel, Name, Info)
VALUES ("107", "rs1143705", "-/TGTT/TTGTT");
INSERT INTO Microindel (idMicroindel, Name, Info)
VALUES ("108", "rs1160845", "-/CCT");
INSERT INTO Microindel (idMicroindel, Name, Info)
VALUES ("109", "rs1160846", "-/CTTGTG");
INSERT INTO Microindel (idMicroindel, Name, Info)
VALUES ("110", "rs1160847", "-/TAAAA");
INSERT INTO Microindel (idMicroindel, Name, Info)
VALUES ("111", "rs1160848", "-/GCCCC");
INSERT INTO Microindel (idMicroindel, Name, Info)
VALUES ("112", "rs1160849", "-/TATA");
INSERT INTO Microindel (idMicroindel, Name, Info)
VALUES ("113", "rs1160852", "-/AA");
INSERT INTO Microindel (idMicroindel, Name, Info)
VALUES ("114", "rs1160856", "-/CT");
INSERT INTO Microindel (idMicroindel, Name, Info)
VALUES ("115", "rs1160857", "-/TG");
INSERT INTO Microindel (idMicroindel, Name, Info)
VALUES ("116", "rs1160858", "-/TG");
INSERT INTO Microindel (idMicroindel, Name, Info)
VALUES ("117", "rs1160859", "-/AG");
INSERT INTO Microindel (idMicroindel, Name, Info)
VALUES ("118", "rs1160860", "-/GA");
INSERT INTO Microindel (idMicroindel, Name, Info)
VALUES ("119", "rs1160861", "-/CT");
INSERT INTO Microindel (idMicroindel, Name, Info)
VALUES ("120", "rs1160863", "-/TA");
INSERT INTO Microindel (idMicroindel, Name, Info)
VALUES ("121", "rs1160864", "-/TC");
INSERT INTO Microindel (idMicroindel, Name, Info)
VALUES ("122", "rs1160865", "-/CCAGTC");
INSERT INTO Microindel (idMicroindel, Name, Info)
VALUES ("123", "rs1160866", "-/CTT/TTC");
INSERT INTO Microindel (idMicroindel, Name, Info)
VALUES ("124", "rs1160867", "-/CTC/CT");
INSERT INTO Microindel (idMicroindel, Name, Info)
VALUES ("125", "rs1160870", "-/TT");
INSERT INTO Microindel (idMicroindel, Name, Info)
VALUES ("126", "rs1160874", "-/C");
INSERT INTO Microindel (idMicroindel, Name, Info)
VALUES ("127", "rs1160877", "-/AAGTA");
INSERT INTO Microindel (idMicroindel, Name, Info)
VALUES ("128", "rs1160878", "-/GTGA");
INSERT INTO Microindel (idMicroindel, Name, Info)
VALUES ("129", "rs1160879", "-/AAG");
INSERT INTO Microindel (idMicroindel, Name, Info)
VALUES ("130", "rs1160880", "-/TCTA");
INSERT INTO Microindel (idMicroindel, Name, Info)
VALUES ("131", "rs1160885", "-/GAT/TGA");
INSERT INTO Microindel (idMicroindel, Name, Info)
VALUES ("132", "rs1160888", "-/CAAA/AAAC");
INSERT INTO Microindel (idMicroindel, Name, Info)
VALUES ("133", "rs1160889", "-/AGAA/CAGA/AGA");
INSERT INTO Microindel (idMicroindel, Name, Info)
VALUES ("134", "rs1160893", "-/AG");
INSERT INTO Microindel (idMicroindel, Name, Info)
VALUES ("135", "rs1160894", "-/CAT");
INSERT INTO Microindel (idMicroindel, Name, Info)
VALUES ("136", "rs1160895", "-/GT");
INSERT INTO Microindel (idMicroindel, Name, Info)
VALUES ("137", "rs1160897", "-/TCT");
INSERT INTO Microindel (idMicroindel, Name, Info)
VALUES ("138", "rs1160901", "-/ACA");
INSERT INTO Microindel (idMicroindel, Name, Info)
VALUES ("139", "rs1160904", "-/AAT");
INSERT INTO Microindel (idMicroindel, Name, Info)
VALUES ("140", "rs1160906", "-/AACTC");
INSERT INTO Microindel (idMicroindel, Name, Info)
VALUES ("141", "rs1160907", "-/GA");
INSERT INTO Microindel (idMicroindel, Name, Info)
VALUES ("142", "rs1160909", "-/GTCA");
INSERT INTO Microindel (idMicroindel, Name, Info)
VALUES ("143", "rs1160910", "-/CTTT");
INSERT INTO Microindel (idMicroindel, Name, Info)
VALUES ("144", "rs1160911", "-/AT");
INSERT INTO Microindel (idMicroindel, Name, Info)
VALUES ("145", "rs1160913", "-/AAG");
INSERT INTO Microindel (idMicroindel, Name, Info)
VALUES ("146", "rs1160915", "-/AAGA");
INSERT INTO Microindel (idMicroindel, Name, Info)
VALUES ("147", "rs1160916", "-/AC");
INSERT INTO Microindel (idMicroindel, Name, Info)
VALUES ("148", "rs1160918", "-/CACT");
INSERT INTO Microindel (idMicroindel, Name, Info)
VALUES ("149", "rs1160919", "-/AC");
INSERT INTO Microindel (idMicroindel, Name, Info)
VALUES ("150", "rs1160920", "-/CA");
INSERT INTO Microindel (idMicroindel, Name, Info)
VALUES ("151", "rs1160921", "-/TT");
INSERT INTO Microindel (idMicroindel, Name, Info)
VALUES ("152", "rs1160922", "-/CT");
INSERT INTO Microindel (idMicroindel, Name, Info)
VALUES ("153", "rs1160923", "-/AG");
INSERT INTO Microindel (idMicroindel, Name, Info)
VALUES ("154", "rs1160924", "-/A/AG");
INSERT INTO Microindel (idMicroindel, Name, Info)
VALUES ("155", "rs1160926", "-/AT");
INSERT INTO Microindel (idMicroindel, Name, Info)
VALUES ("156", "rs1160927", "-/CA");
INSERT INTO Microindel (idMicroindel, Name, Info)
VALUES ("157", "rs1160929", "-/CT");
INSERT INTO Microindel (idMicroindel, Name, Info)
VALUES ("158", "rs1160931", "-/AG");
INSERT INTO Microindel (idMicroindel, Name, Info)
VALUES ("159", "rs1160932", "-/GG");
INSERT INTO Microindel (idMicroindel, Name, Info)
VALUES ("160", "rs1160934", "-/CA");
INSERT INTO Microindel (idMicroindel, Name, Info)
VALUES ("161", "rs1160938", "-/CTC");
INSERT INTO Microindel (idMicroindel, Name, Info)
VALUES ("162", "rs1160940", "-/CCT");
INSERT INTO Microindel (idMicroindel, Name, Info)
VALUES ("163", "rs1160941", "-/GCTTTT");
INSERT INTO Microindel (idMicroindel, Name, Info)
VALUES ("164", "rs1160942", "-/TTGT");
INSERT INTO Microindel (idMicroindel, Name, Info)
VALUES ("165", "rs1160945", "-/CCT");
INSERT INTO Microindel (idMicroindel, Name, Info)
VALUES ("166", "rs1160946", "-/GGTA/GG");
INSERT INTO Microindel (idMicroindel, Name, Info)
VALUES ("167", "rs1160948", "-/AGT");
INSERT INTO Microindel (idMicroindel, Name, Info)
VALUES ("168", "rs1160951", "-/ATA");
INSERT INTO Microindel (idMicroindel, Name, Info)
VALUES ("169", "rs1160952", "-/GGA");
INSERT INTO Microindel (idMicroindel, Name, Info)
VALUES ("170", "rs1160953", "-/TAGA");
INSERT INTO Microindel (idMicroindel, Name, Info)
VALUES ("171", "rs1160954", "-/ACA");
INSERT INTO Microindel (idMicroindel, Name, Info)
VALUES ("172", "rs1160955", "-/AC/CA");
INSERT INTO Microindel (idMicroindel, Name, Info)
VALUES ("173", "rs1160956", "-/TCT");
INSERT INTO Microindel (idMicroindel, Name, Info)
VALUES ("174", "rs1160957", "-/GTA/TAG");
INSERT INTO Microindel (idMicroindel, Name, Info)
VALUES ("175", "rs1160958", "-/C/CAT");
INSERT INTO Microindel (idMicroindel, Name, Info)
VALUES ("176", "rs1160961", "-/TT");
INSERT INTO Microindel (idMicroindel, Name, Info)
VALUES ("177", "rs1160962", "-/TT");
INSERT INTO Microindel (idMicroindel, Name, Info)
VALUES ("178", "rs1160967", "-/CT");
INSERT INTO Microindel (idMicroindel, Name, Info)
VALUES ("179", "rs1160969", "-/AA");
INSERT INTO Microindel (idMicroindel, Name, Info)
VALUES ("180", "rs1160972", "-/TT");
INSERT INTO Microindel (idMicroindel, Name, Info)
VALUES ("181", "rs1160973", "-/AG");
INSERT INTO Microindel (idMicroindel, Name, Info)
VALUES ("182", "rs1160975", "-/AA");
INSERT INTO Microindel (idMicroindel, Name, Info)
VALUES ("183", "rs1160978", "-/TA/TC");
INSERT INTO Microindel (idMicroindel, Name, Info)
VALUES ("184", "rs1305039", "-/CATA");
INSERT INTO Microindel (idMicroindel, Name, Info)
VALUES ("185", "rs1305040", "-/CATT");
INSERT INTO Microindel (idMicroindel, Name, Info)
VALUES ("186", "rs1305043", "-/CT");
INSERT INTO Microindel (idMicroindel, Name, Info)
VALUES ("187", "rs1305044", "-/CCTTGTTGC");
INSERT INTO Microindel (idMicroindel, Name, Info)
VALUES ("188", "rs1305046", "-/TG/GT");
INSERT INTO Microindel (idMicroindel, Name, Info)
VALUES ("189", "rs1305047", "-/CACA");
INSERT INTO Microindel (idMicroindel, Name, Info)
VALUES ("190", "rs1305050", "-/AACT/TAAC");
INSERT INTO Microindel (idMicroindel, Name, Info)
VALUES ("191", "rs1305053", "-/TT");
INSERT INTO Microindel (idMicroindel, Name, Info)
VALUES ("192", "rs1305054", "-/CCTACAAAACTACTGTAGTTTTT");
INSERT INTO Microindel (idMicroindel, Name, Info)
VALUES ("193", "rs1305055", "-/AAAG");
INSERT INTO Microindel (idMicroindel, Name, Info)
VALUES ("194", "rs1305056", "-/CTACTGAT");
INSERT INTO Microindel (idMicroindel, Name, Info)
VALUES ("195", "rs1305058", "-/GCTCCAGACATCTGGGGA/CTCCAGACATCTGGGGAG");
INSERT INTO Microindel (idMicroindel, Name, Info)
VALUES ("196", "rs1305059", "-/TGACC");
INSERT INTO Microindel (idMicroindel, Name, Info)
VALUES ("197", "rs1305061", "-/AATTA");
INSERT INTO Microindel (idMicroindel, Name, Info)
VALUES ("198", "DUP22Q11.2", "");
INSERT INTO Microindel (idMicroindel, Name, Info)
VALUES ("199", "DUPXP11.22", "");
INSERT INTO Microindel (idMicroindel, Name, Info)
VALUES ("200", "DUP3Q29", "");
INSERT INTO Microindel (idMicroindel, Name, Info)
VALUES ("201", "CXDUPQ26.3", "");
INSERT INTO Microindel (idMicroindel, Name, Info)
VALUES ("202", "DEL15Q13.3", "");
INSERT INTO Microindel (idMicroindel, Name, Info)
VALUES ("203", "DELXQ28", "");
INSERT INTO Microindel (idMicroindel, Name, Info)
VALUES ("204", "DEL3Q29", "");
INSERT INTO Microindel (idMicroindel, Name, Info)
VALUES ("205", "DEL17Q21.31", "");
INSERT INTO Microindel (idMicroindel, Name, Info)
VALUES ("206", "LOC106736481", "This region is known to undergo non-allelic homologous recombination (NAHR) with a similar low-copy repeat region, the 15q13 proximal microdeletion breakpoint recombination region, which is located nearly 2 Mb centromere-proximal to this region, in direct orientation. NAHR between these recombination regions can lead to deletions of the intervening sequence, and has been associated with intellectual disabilities and/or developmental delays. While deletions of the intervening sequences has been observed in many affected individuals, finer mapping of the recombination regions has been limited to a small number of individuals. This recombination region partially overlaps that of a golgin A8 family member (GOLGA8 family), and the palindromic nature of the genes within this gene family has been implicated in the recombination events. [provided by RefSeq, Oct 2016]");
INSERT INTO Microindel (idMicroindel, Name, Info)
VALUES ("207", "LOC106736480", "This region is known to undergo non-allelic homologous recombination (NAHR) with a similar low-copy repeat region, the 15q13 distal microdeletion recombination region, which is located nearly 2 Mb centromere-distal to this region, in direct orientation. NAHR between these recombination regions can lead to deletions of the intervening sequence, and may be associated with autism. While deletions of the intervening sequences has been observed in many affected individuals, finer mapping of the recombination regions has been limited to a small number of individuals. This recombination region partially overlaps that of a golgin A8 family member (GOLGA8 family), and the palindromic nature of the genes within this gene family has been implicated in the recombination events. [provided by RefSeq, Oct 2016]");
INSERT INTO Microindel (idMicroindel, Name, Info)
VALUES ("208", "DEL17Q11.2", "");
INSERT INTO Location (idLocation, StartGRCh38, EndGRCh38, CythogeneticLocation, Strand, Microindel_idMicroindel)
VALUES ("1", "44816166", "44816165", "22", "1", "1");
INSERT INTO Location (idLocation, StartGRCh38, EndGRCh38, CythogeneticLocation, Strand, Microindel_idMicroindel)
VALUES ("2", "27989229", "27989228", "22", "1", "2");
INSERT INTO Location (idLocation, StartGRCh38, EndGRCh38, CythogeneticLocation, Strand, Microindel_idMicroindel)
VALUES ("3", "33694405", "33694404", "6", "1", "3");
INSERT INTO Location (idLocation, StartGRCh38, EndGRCh38, CythogeneticLocation, Strand, Microindel_idMicroindel)
VALUES ("4", "122713975", "122713974", "11", "1", "4");
INSERT INTO Location (idLocation, StartGRCh38, EndGRCh38, CythogeneticLocation, Strand, Microindel_idMicroindel)
VALUES ("5", "93347441", "93347440", "6", "1", "5");
INSERT INTO Location (idLocation, StartGRCh38, EndGRCh38, CythogeneticLocation, Strand, Microindel_idMicroindel)
VALUES ("6", "71403291", "71403290", "6", "1", "6");
INSERT INTO Location (idLocation, StartGRCh38, EndGRCh38, CythogeneticLocation, Strand, Microindel_idMicroindel)
VALUES ("7", "13289793", "13289792", "6", "1", "7");
INSERT INTO Location (idLocation, StartGRCh38, EndGRCh38, CythogeneticLocation, Strand, Microindel_idMicroindel)
VALUES ("8", "33065144", "33065143", "6", "1", "8");
INSERT INTO Location (idLocation, StartGRCh38, EndGRCh38, CythogeneticLocation, Strand, Microindel_idMicroindel)
VALUES ("9", "33104231", "33104230", "CHR_HSCHR6_MHC_APD_CTG1", "1", "8");
INSERT INTO Location (idLocation, StartGRCh38, EndGRCh38, CythogeneticLocation, Strand, Microindel_idMicroindel)
VALUES ("10", "32987114", "32987113", "CHR_HSCHR6_MHC_COX_CTG1", "1", "8");
INSERT INTO Location (idLocation, StartGRCh38, EndGRCh38, CythogeneticLocation, Strand, Microindel_idMicroindel)
VALUES ("11", "33043082", "33043081", "CHR_HSCHR6_MHC_DBB_CTG1", "1", "8");
INSERT INTO Location (idLocation, StartGRCh38, EndGRCh38, CythogeneticLocation, Strand, Microindel_idMicroindel)
VALUES ("12", "33219248", "33219247", "CHR_HSCHR6_MHC_MANN_CTG1", "1", "8");
INSERT INTO Location (idLocation, StartGRCh38, EndGRCh38, CythogeneticLocation, Strand, Microindel_idMicroindel)
VALUES ("13", "33098616", "33098615", "CHR_HSCHR6_MHC_MCF_CTG1", "1", "8");
INSERT INTO Location (idLocation, StartGRCh38, EndGRCh38, CythogeneticLocation, Strand, Microindel_idMicroindel)
VALUES ("14", "32994183", "32994182", "CHR_HSCHR6_MHC_QBL_CTG1", "1", "8");
INSERT INTO Location (idLocation, StartGRCh38, EndGRCh38, CythogeneticLocation, Strand, Microindel_idMicroindel)
VALUES ("15", "33205592", "33205591", "CHR_HSCHR6_MHC_SSTO_CTG1", "1", "8");
INSERT INTO Location (idLocation, StartGRCh38, EndGRCh38, CythogeneticLocation, Strand, Microindel_idMicroindel)
VALUES ("16", "20880028", "20880027", "22", "1", "9");
INSERT INTO Location (idLocation, StartGRCh38, EndGRCh38, CythogeneticLocation, Strand, Microindel_idMicroindel)
VALUES ("17", "20821609", "20821608", "22", "1", "10");
INSERT INTO Location (idLocation, StartGRCh38, EndGRCh38, CythogeneticLocation, Strand, Microindel_idMicroindel)
VALUES ("18", "19958723", "19958722", "22", "1", "11");
INSERT INTO Location (idLocation, StartGRCh38, EndGRCh38, CythogeneticLocation, Strand, Microindel_idMicroindel)
VALUES ("19", "20809432", "20809431", "22", "1", "12");
INSERT INTO Location (idLocation, StartGRCh38, EndGRCh38, CythogeneticLocation, Strand, Microindel_idMicroindel)
VALUES ("20", "18132284", "18132283", "22", "1", "13");
INSERT INTO Location (idLocation, StartGRCh38, EndGRCh38, CythogeneticLocation, Strand, Microindel_idMicroindel)
VALUES ("21", "18089737", "18089736", "22", "1", "14");
INSERT INTO Location (idLocation, StartGRCh38, EndGRCh38, CythogeneticLocation, Strand, Microindel_idMicroindel)
VALUES ("22", "20592924", "20592923", "22", "1", "15");
INSERT INTO Location (idLocation, StartGRCh38, EndGRCh38, CythogeneticLocation, Strand, Microindel_idMicroindel)
VALUES ("23", "19216604", "19216603", "22", "1", "16");
INSERT INTO Location (idLocation, StartGRCh38, EndGRCh38, CythogeneticLocation, Strand, Microindel_idMicroindel)
VALUES ("24", "18094220", "18094219", "22", "1", "17");
INSERT INTO Location (idLocation, StartGRCh38, EndGRCh38, CythogeneticLocation, Strand, Microindel_idMicroindel)
VALUES ("25", "20814181", "20814180", "22", "1", "18");
INSERT INTO Location (idLocation, StartGRCh38, EndGRCh38, CythogeneticLocation, Strand, Microindel_idMicroindel)
VALUES ("26", "18125535", "18125534", "22", "1", "19");
INSERT INTO Location (idLocation, StartGRCh38, EndGRCh38, CythogeneticLocation, Strand, Microindel_idMicroindel)
VALUES ("27", "19971168", "19971167", "22", "1", "20");
INSERT INTO Location (idLocation, StartGRCh38, EndGRCh38, CythogeneticLocation, Strand, Microindel_idMicroindel)
VALUES ("28", "20594218", "20594217", "22", "1", "21");
INSERT INTO Location (idLocation, StartGRCh38, EndGRCh38, CythogeneticLocation, Strand, Microindel_idMicroindel)
VALUES ("29", "20592935", "20592934", "22", "1", "22");
INSERT INTO Location (idLocation, StartGRCh38, EndGRCh38, CythogeneticLocation, Strand, Microindel_idMicroindel)
VALUES ("30", "29486205", "29486204", "22", "1", "23");
INSERT INTO Location (idLocation, StartGRCh38, EndGRCh38, CythogeneticLocation, Strand, Microindel_idMicroindel)
VALUES ("31", "20572984", "20572983", "22", "1", "24");
INSERT INTO Location (idLocation, StartGRCh38, EndGRCh38, CythogeneticLocation, Strand, Microindel_idMicroindel)
VALUES ("32", "20420745", "20420744", "22", "1", "25");
INSERT INTO Location (idLocation, StartGRCh38, EndGRCh38, CythogeneticLocation, Strand, Microindel_idMicroindel)
VALUES ("33", "20800908", "20800907", "22", "1", "26");
INSERT INTO Location (idLocation, StartGRCh38, EndGRCh38, CythogeneticLocation, Strand, Microindel_idMicroindel)
VALUES ("34", "20397072", "20397071", "22", "1", "27");
INSERT INTO Location (idLocation, StartGRCh38, EndGRCh38, CythogeneticLocation, Strand, Microindel_idMicroindel)
VALUES ("35", "29494327", "29494326", "22", "1", "28");
INSERT INTO Location (idLocation, StartGRCh38, EndGRCh38, CythogeneticLocation, Strand, Microindel_idMicroindel)
VALUES ("36", "20872848", "20872847", "22", "1", "29");
INSERT INTO Location (idLocation, StartGRCh38, EndGRCh38, CythogeneticLocation, Strand, Microindel_idMicroindel)
VALUES ("37", "20595016", "20595015", "22", "1", "30");
INSERT INTO Location (idLocation, StartGRCh38, EndGRCh38, CythogeneticLocation, Strand, Microindel_idMicroindel)
VALUES ("38", "19954220", "19954219", "22", "1", "31");
INSERT INTO Location (idLocation, StartGRCh38, EndGRCh38, CythogeneticLocation, Strand, Microindel_idMicroindel)
VALUES ("39", "35927605", "35927604", "22", "1", "32");
INSERT INTO Location (idLocation, StartGRCh38, EndGRCh38, CythogeneticLocation, Strand, Microindel_idMicroindel)
VALUES ("40", "35933836", "35933835", "CHR_HSCHR22_1_CTG4", "1", "32");
INSERT INTO Location (idLocation, StartGRCh38, EndGRCh38, CythogeneticLocation, Strand, Microindel_idMicroindel)
VALUES ("41", "20901094", "20901093", "22", "1", "33");
INSERT INTO Location (idLocation, StartGRCh38, EndGRCh38, CythogeneticLocation, Strand, Microindel_idMicroindel)
VALUES ("42", "20773300", "20773299", "22", "1", "34");
INSERT INTO Location (idLocation, StartGRCh38, EndGRCh38, CythogeneticLocation, Strand, Microindel_idMicroindel)
VALUES ("43", "18154624", "18154623", "22", "1", "35");
INSERT INTO Location (idLocation, StartGRCh38, EndGRCh38, CythogeneticLocation, Strand, Microindel_idMicroindel)
VALUES ("44", "16685334", "16685333", "22", "1", "36");
INSERT INTO Location (idLocation, StartGRCh38, EndGRCh38, CythogeneticLocation, Strand, Microindel_idMicroindel)
VALUES ("45", "20837388", "20837387", "22", "1", "37");
INSERT INTO Location (idLocation, StartGRCh38, EndGRCh38, CythogeneticLocation, Strand, Microindel_idMicroindel)
VALUES ("46", "20594240", "20594239", "22", "1", "38");
INSERT INTO Location (idLocation, StartGRCh38, EndGRCh38, CythogeneticLocation, Strand, Microindel_idMicroindel)
VALUES ("47", "20892504", "20892503", "22", "1", "39");
INSERT INTO Location (idLocation, StartGRCh38, EndGRCh38, CythogeneticLocation, Strand, Microindel_idMicroindel)
VALUES ("48", "20884794", "20884793", "22", "1", "40");
INSERT INTO Location (idLocation, StartGRCh38, EndGRCh38, CythogeneticLocation, Strand, Microindel_idMicroindel)
VALUES ("49", "20843099", "20843098", "22", "1", "41");
INSERT INTO Location (idLocation, StartGRCh38, EndGRCh38, CythogeneticLocation, Strand, Microindel_idMicroindel)
VALUES ("50", "36943772", "36943771", "22", "1", "42");
INSERT INTO Location (idLocation, StartGRCh38, EndGRCh38, CythogeneticLocation, Strand, Microindel_idMicroindel)
VALUES ("51", "18849022", "18849021", "22", "1", "43");
INSERT INTO Location (idLocation, StartGRCh38, EndGRCh38, CythogeneticLocation, Strand, Microindel_idMicroindel)
VALUES ("52", "18103113", "18103112", "22", "1", "44");
INSERT INTO Location (idLocation, StartGRCh38, EndGRCh38, CythogeneticLocation, Strand, Microindel_idMicroindel)
VALUES ("53", "20470799", "20470798", "22", "1", "45");
INSERT INTO Location (idLocation, StartGRCh38, EndGRCh38, CythogeneticLocation, Strand, Microindel_idMicroindel)
VALUES ("54", "18089607", "18089606", "22", "1", "46");
INSERT INTO Location (idLocation, StartGRCh38, EndGRCh38, CythogeneticLocation, Strand, Microindel_idMicroindel)
VALUES ("55", "18108999", "18108998", "22", "1", "47");
INSERT INTO Location (idLocation, StartGRCh38, EndGRCh38, CythogeneticLocation, Strand, Microindel_idMicroindel)
VALUES ("56", "20898009", "20898008", "22", "1", "48");
INSERT INTO Location (idLocation, StartGRCh38, EndGRCh38, CythogeneticLocation, Strand, Microindel_idMicroindel)
VALUES ("57", "35061940", "35061939", "22", "1", "49");
INSERT INTO Location (idLocation, StartGRCh38, EndGRCh38, CythogeneticLocation, Strand, Microindel_idMicroindel)
VALUES ("58", "20594226", "20594225", "22", "1", "50");
INSERT INTO Location (idLocation, StartGRCh38, EndGRCh38, CythogeneticLocation, Strand, Microindel_idMicroindel)
VALUES ("59", "20769684", "20769683", "22", "1", "51");
INSERT INTO Location (idLocation, StartGRCh38, EndGRCh38, CythogeneticLocation, Strand, Microindel_idMicroindel)
VALUES ("60", "20897527", "20897526", "22", "1", "52");
INSERT INTO Location (idLocation, StartGRCh38, EndGRCh38, CythogeneticLocation, Strand, Microindel_idMicroindel)
VALUES ("61", "16865721", "16865720", "22", "1", "53");
INSERT INTO Location (idLocation, StartGRCh38, EndGRCh38, CythogeneticLocation, Strand, Microindel_idMicroindel)
VALUES ("62", "16877499", "16877498", "22", "1", "54");
INSERT INTO Location (idLocation, StartGRCh38, EndGRCh38, CythogeneticLocation, Strand, Microindel_idMicroindel)
VALUES ("63", "20369563", "20369562", "22", "1", "55");
INSERT INTO Location (idLocation, StartGRCh38, EndGRCh38, CythogeneticLocation, Strand, Microindel_idMicroindel)
VALUES ("64", "20592928", "20592927", "22", "1", "56");
INSERT INTO Location (idLocation, StartGRCh38, EndGRCh38, CythogeneticLocation, Strand, Microindel_idMicroindel)
VALUES ("65", "20568274", "20568273", "22", "1", "57");
INSERT INTO Location (idLocation, StartGRCh38, EndGRCh38, CythogeneticLocation, Strand, Microindel_idMicroindel)
VALUES ("66", "20892517", "20892516", "22", "1", "58");
INSERT INTO Location (idLocation, StartGRCh38, EndGRCh38, CythogeneticLocation, Strand, Microindel_idMicroindel)
VALUES ("67", "20570753", "20570752", "22", "1", "59");
INSERT INTO Location (idLocation, StartGRCh38, EndGRCh38, CythogeneticLocation, Strand, Microindel_idMicroindel)
VALUES ("68", "16835031", "16835030", "22", "1", "60");
INSERT INTO Location (idLocation, StartGRCh38, EndGRCh38, CythogeneticLocation, Strand, Microindel_idMicroindel)
VALUES ("69", "20587936", "20587935", "22", "1", "61");
INSERT INTO Location (idLocation, StartGRCh38, EndGRCh38, CythogeneticLocation, Strand, Microindel_idMicroindel)
VALUES ("70", "20419969", "20419968", "22", "1", "62");
INSERT INTO Location (idLocation, StartGRCh38, EndGRCh38, CythogeneticLocation, Strand, Microindel_idMicroindel)
VALUES ("71", "20402803", "20402802", "22", "1", "63");
INSERT INTO Location (idLocation, StartGRCh38, EndGRCh38, CythogeneticLocation, Strand, Microindel_idMicroindel)
VALUES ("72", "20850451", "20850450", "22", "1", "64");
INSERT INTO Location (idLocation, StartGRCh38, EndGRCh38, CythogeneticLocation, Strand, Microindel_idMicroindel)
VALUES ("73", "18718507", "18718506", "22", "1", "65");
INSERT INTO Location (idLocation, StartGRCh38, EndGRCh38, CythogeneticLocation, Strand, Microindel_idMicroindel)
VALUES ("74", "20462277", "20462276", "22", "1", "66");
INSERT INTO Location (idLocation, StartGRCh38, EndGRCh38, CythogeneticLocation, Strand, Microindel_idMicroindel)
VALUES ("75", "18095831", "18095830", "22", "1", "67");
INSERT INTO Location (idLocation, StartGRCh38, EndGRCh38, CythogeneticLocation, Strand, Microindel_idMicroindel)
VALUES ("76", "18127714", "18127713", "22", "1", "68");
INSERT INTO Location (idLocation, StartGRCh38, EndGRCh38, CythogeneticLocation, Strand, Microindel_idMicroindel)
VALUES ("77", "20566563", "20566562", "22", "1", "69");
INSERT INTO Location (idLocation, StartGRCh38, EndGRCh38, CythogeneticLocation, Strand, Microindel_idMicroindel)
VALUES ("78", "29497789", "29497788", "22", "1", "70");
INSERT INTO Location (idLocation, StartGRCh38, EndGRCh38, CythogeneticLocation, Strand, Microindel_idMicroindel)
VALUES ("79", "20851191", "20851190", "22", "1", "71");
INSERT INTO Location (idLocation, StartGRCh38, EndGRCh38, CythogeneticLocation, Strand, Microindel_idMicroindel)
VALUES ("80", "16853013", "16853012", "22", "1", "72");
INSERT INTO Location (idLocation, StartGRCh38, EndGRCh38, CythogeneticLocation, Strand, Microindel_idMicroindel)
VALUES ("81", "20847755", "20847754", "22", "1", "73");
INSERT INTO Location (idLocation, StartGRCh38, EndGRCh38, CythogeneticLocation, Strand, Microindel_idMicroindel)
VALUES ("82", "20833658", "20833657", "22", "1", "74");
INSERT INTO Location (idLocation, StartGRCh38, EndGRCh38, CythogeneticLocation, Strand, Microindel_idMicroindel)
VALUES ("83", "20482748", "20482747", "22", "1", "75");
INSERT INTO Location (idLocation, StartGRCh38, EndGRCh38, CythogeneticLocation, Strand, Microindel_idMicroindel)
VALUES ("84", "20842824", "20842823", "22", "1", "76");
INSERT INTO Location (idLocation, StartGRCh38, EndGRCh38, CythogeneticLocation, Strand, Microindel_idMicroindel)
VALUES ("85", "20780792", "20780791", "22", "1", "77");
INSERT INTO Location (idLocation, StartGRCh38, EndGRCh38, CythogeneticLocation, Strand, Microindel_idMicroindel)
VALUES ("86", "20811624", "20811623", "22", "1", "78");
INSERT INTO Location (idLocation, StartGRCh38, EndGRCh38, CythogeneticLocation, Strand, Microindel_idMicroindel)
VALUES ("87", "36942078", "36942077", "22", "1", "79");
INSERT INTO Location (idLocation, StartGRCh38, EndGRCh38, CythogeneticLocation, Strand, Microindel_idMicroindel)
VALUES ("88", "17356068", "17356067", "22", "1", "80");
INSERT INTO Location (idLocation, StartGRCh38, EndGRCh38, CythogeneticLocation, Strand, Microindel_idMicroindel)
VALUES ("89", "20808503", "20808502", "22", "1", "81");
INSERT INTO Location (idLocation, StartGRCh38, EndGRCh38, CythogeneticLocation, Strand, Microindel_idMicroindel)
VALUES ("90", "20594237", "20594236", "22", "1", "82");
INSERT INTO Location (idLocation, StartGRCh38, EndGRCh38, CythogeneticLocation, Strand, Microindel_idMicroindel)
VALUES ("91", "20592867", "20592866", "22", "1", "83");
INSERT INTO Location (idLocation, StartGRCh38, EndGRCh38, CythogeneticLocation, Strand, Microindel_idMicroindel)
VALUES ("92", "20797795", "20797794", "22", "1", "84");
INSERT INTO Location (idLocation, StartGRCh38, EndGRCh38, CythogeneticLocation, Strand, Microindel_idMicroindel)
VALUES ("93", "20572640", "20572639", "22", "1", "85");
INSERT INTO Location (idLocation, StartGRCh38, EndGRCh38, CythogeneticLocation, Strand, Microindel_idMicroindel)
VALUES ("94", "18098769", "18098768", "22", "1", "86");
INSERT INTO Location (idLocation, StartGRCh38, EndGRCh38, CythogeneticLocation, Strand, Microindel_idMicroindel)
VALUES ("95", "22435667", "22435666", "CHR_HSCHR22_1_CTG3", "1", "87");
INSERT INTO Location (idLocation, StartGRCh38, EndGRCh38, CythogeneticLocation, Strand, Microindel_idMicroindel)
VALUES ("96", "20813318", "20813317", "22", "1", "88");
INSERT INTO Location (idLocation, StartGRCh38, EndGRCh38, CythogeneticLocation, Strand, Microindel_idMicroindel)
VALUES ("97", "20377725", "20377724", "22", "1", "89");
INSERT INTO Location (idLocation, StartGRCh38, EndGRCh38, CythogeneticLocation, Strand, Microindel_idMicroindel)
VALUES ("98", "18850928", "18850927", "22", "1", "90");
INSERT INTO Location (idLocation, StartGRCh38, EndGRCh38, CythogeneticLocation, Strand, Microindel_idMicroindel)
VALUES ("99", "20886120", "20886119", "22", "1", "91");
INSERT INTO Location (idLocation, StartGRCh38, EndGRCh38, CythogeneticLocation, Strand, Microindel_idMicroindel)
VALUES ("100", "18092834", "18092833", "22", "1", "92");
INSERT INTO Location (idLocation, StartGRCh38, EndGRCh38, CythogeneticLocation, Strand, Microindel_idMicroindel)
VALUES ("101", "18154615", "18154614", "22", "1", "93");
INSERT INTO Location (idLocation, StartGRCh38, EndGRCh38, CythogeneticLocation, Strand, Microindel_idMicroindel)
VALUES ("102", "20399572", "20399571", "22", "1", "94");
INSERT INTO Location (idLocation, StartGRCh38, EndGRCh38, CythogeneticLocation, Strand, Microindel_idMicroindel)
VALUES ("103", "20830356", "20830355", "22", "1", "95");
INSERT INTO Location (idLocation, StartGRCh38, EndGRCh38, CythogeneticLocation, Strand, Microindel_idMicroindel)
VALUES ("104", "18093563", "18093562", "22", "1", "96");
INSERT INTO Location (idLocation, StartGRCh38, EndGRCh38, CythogeneticLocation, Strand, Microindel_idMicroindel)
VALUES ("105", "20469779", "20469778", "22", "1", "97");
INSERT INTO Location (idLocation, StartGRCh38, EndGRCh38, CythogeneticLocation, Strand, Microindel_idMicroindel)
VALUES ("106", "20897718", "20897717", "22", "1", "98");
INSERT INTO Location (idLocation, StartGRCh38, EndGRCh38, CythogeneticLocation, Strand, Microindel_idMicroindel)
VALUES ("107", "20868616", "20868615", "22", "1", "99");
INSERT INTO Location (idLocation, StartGRCh38, EndGRCh38, CythogeneticLocation, Strand, Microindel_idMicroindel)
VALUES ("108", "20863315", "20863314", "22", "1", "100");
INSERT INTO Location (idLocation, StartGRCh38, EndGRCh38, CythogeneticLocation, Strand, Microindel_idMicroindel)
VALUES ("109", "20861137", "20861136", "22", "1", "101");
INSERT INTO Location (idLocation, StartGRCh38, EndGRCh38, CythogeneticLocation, Strand, Microindel_idMicroindel)
VALUES ("110", "20825087", "20825086", "22", "1", "102");
INSERT INTO Location (idLocation, StartGRCh38, EndGRCh38, CythogeneticLocation, Strand, Microindel_idMicroindel)
VALUES ("111", "20800715", "20800714", "22", "1", "103");
INSERT INTO Location (idLocation, StartGRCh38, EndGRCh38, CythogeneticLocation, Strand, Microindel_idMicroindel)
VALUES ("112", "22435450", "22435449", "22", "1", "104");
INSERT INTO Location (idLocation, StartGRCh38, EndGRCh38, CythogeneticLocation, Strand, Microindel_idMicroindel)
VALUES ("113", "22444536", "22444535", "CHR_HSCHR22_1_CTG3", "1", "104");
INSERT INTO Location (idLocation, StartGRCh38, EndGRCh38, CythogeneticLocation, Strand, Microindel_idMicroindel)
VALUES ("114", "97600481", "97600480", "X", "1", "105");
INSERT INTO Location (idLocation, StartGRCh38, EndGRCh38, CythogeneticLocation, Strand, Microindel_idMicroindel)
VALUES ("115", "97602951", "97602950", "X", "1", "106");
INSERT INTO Location (idLocation, StartGRCh38, EndGRCh38, CythogeneticLocation, Strand, Microindel_idMicroindel)
VALUES ("116", "45887947", "45887946", "7", "1", "107");
INSERT INTO Location (idLocation, StartGRCh38, EndGRCh38, CythogeneticLocation, Strand, Microindel_idMicroindel)
VALUES ("117", "125673143", "125673142", "X", "1", "108");
INSERT INTO Location (idLocation, StartGRCh38, EndGRCh38, CythogeneticLocation, Strand, Microindel_idMicroindel)
VALUES ("118", "141249660", "141249659", "7", "1", "109");
INSERT INTO Location (idLocation, StartGRCh38, EndGRCh38, CythogeneticLocation, Strand, Microindel_idMicroindel)
VALUES ("119", "11522624", "11522623", "7", "1", "110");
INSERT INTO Location (idLocation, StartGRCh38, EndGRCh38, CythogeneticLocation, Strand, Microindel_idMicroindel)
VALUES ("120", "3678761", "3678760", "12", "1", "111");
INSERT INTO Location (idLocation, StartGRCh38, EndGRCh38, CythogeneticLocation, Strand, Microindel_idMicroindel)
VALUES ("121", "142790939", "142790938", "6", "1", "112");
INSERT INTO Location (idLocation, StartGRCh38, EndGRCh38, CythogeneticLocation, Strand, Microindel_idMicroindel)
VALUES ("122", "137024721", "137024720", "6", "1", "113");
INSERT INTO Location (idLocation, StartGRCh38, EndGRCh38, CythogeneticLocation, Strand, Microindel_idMicroindel)
VALUES ("123", "8564382", "8564381", "6", "1", "114");
INSERT INTO Location (idLocation, StartGRCh38, EndGRCh38, CythogeneticLocation, Strand, Microindel_idMicroindel)
VALUES ("124", "94533476", "94533475", "6", "1", "115");
INSERT INTO Location (idLocation, StartGRCh38, EndGRCh38, CythogeneticLocation, Strand, Microindel_idMicroindel)
VALUES ("125", "71331637", "71331636", "6", "1", "116");
INSERT INTO Location (idLocation, StartGRCh38, EndGRCh38, CythogeneticLocation, Strand, Microindel_idMicroindel)
VALUES ("126", "7771694", "7771693", "6", "1", "117");
INSERT INTO Location (idLocation, StartGRCh38, EndGRCh38, CythogeneticLocation, Strand, Microindel_idMicroindel)
VALUES ("127", "10402207", "10402206", "6", "1", "118");
INSERT INTO Location (idLocation, StartGRCh38, EndGRCh38, CythogeneticLocation, Strand, Microindel_idMicroindel)
VALUES ("128", "52620988", "52620987", "6", "1", "119");
INSERT INTO Location (idLocation, StartGRCh38, EndGRCh38, CythogeneticLocation, Strand, Microindel_idMicroindel)
VALUES ("129", "41417424", "41417423", "12", "1", "120");
INSERT INTO Location (idLocation, StartGRCh38, EndGRCh38, CythogeneticLocation, Strand, Microindel_idMicroindel)
VALUES ("130", "40101530", "40101529", "2", "1", "121");
INSERT INTO Location (idLocation, StartGRCh38, EndGRCh38, CythogeneticLocation, Strand, Microindel_idMicroindel)
VALUES ("131", "50602735", "50602734", "6", "1", "122");
INSERT INTO Location (idLocation, StartGRCh38, EndGRCh38, CythogeneticLocation, Strand, Microindel_idMicroindel)
VALUES ("132", "85142666", "85142665", "6", "1", "123");
INSERT INTO Location (idLocation, StartGRCh38, EndGRCh38, CythogeneticLocation, Strand, Microindel_idMicroindel)
VALUES ("133", "42929214", "42929213", "6", "1", "124");
INSERT INTO Location (idLocation, StartGRCh38, EndGRCh38, CythogeneticLocation, Strand, Microindel_idMicroindel)
VALUES ("134", "11166697", "11166696", "6", "1", "125");
INSERT INTO Location (idLocation, StartGRCh38, EndGRCh38, CythogeneticLocation, Strand, Microindel_idMicroindel)
VALUES ("135", "129642851", "129642850", "5", "1", "126");
INSERT INTO Location (idLocation, StartGRCh38, EndGRCh38, CythogeneticLocation, Strand, Microindel_idMicroindel)
VALUES ("136", "131844594", "131844593", "6", "1", "127");
INSERT INTO Location (idLocation, StartGRCh38, EndGRCh38, CythogeneticLocation, Strand, Microindel_idMicroindel)
VALUES ("137", "143952478", "143952477", "6", "1", "128");
INSERT INTO Location (idLocation, StartGRCh38, EndGRCh38, CythogeneticLocation, Strand, Microindel_idMicroindel)
VALUES ("138", "61092412", "61092411", "4", "1", "129");
INSERT INTO Location (idLocation, StartGRCh38, EndGRCh38, CythogeneticLocation, Strand, Microindel_idMicroindel)
VALUES ("139", "70751060", "70751059", "14", "1", "130");
INSERT INTO Location (idLocation, StartGRCh38, EndGRCh38, CythogeneticLocation, Strand, Microindel_idMicroindel)
VALUES ("140", "26843945", "26843944", "22", "1", "131");
INSERT INTO Location (idLocation, StartGRCh38, EndGRCh38, CythogeneticLocation, Strand, Microindel_idMicroindel)
VALUES ("141", "87296446", "87296445", "1", "1", "132");
INSERT INTO Location (idLocation, StartGRCh38, EndGRCh38, CythogeneticLocation, Strand, Microindel_idMicroindel)
VALUES ("142", "45401856", "45401855", "22", "1", "133");
INSERT INTO Location (idLocation, StartGRCh38, EndGRCh38, CythogeneticLocation, Strand, Microindel_idMicroindel)
VALUES ("143", "223929861", "223929860", "2", "1", "134");
INSERT INTO Location (idLocation, StartGRCh38, EndGRCh38, CythogeneticLocation, Strand, Microindel_idMicroindel)
VALUES ("144", "17320673", "17320672", "10", "1", "135");
INSERT INTO Location (idLocation, StartGRCh38, EndGRCh38, CythogeneticLocation, Strand, Microindel_idMicroindel)
VALUES ("145", "2576752", "2576751", "12", "1", "136");
INSERT INTO Location (idLocation, StartGRCh38, EndGRCh38, CythogeneticLocation, Strand, Microindel_idMicroindel)
VALUES ("146", "78449547", "78449546", "10", "1", "137");
INSERT INTO Location (idLocation, StartGRCh38, EndGRCh38, CythogeneticLocation, Strand, Microindel_idMicroindel)
VALUES ("147", "7680212", "7680211", "17", "1", "138");
INSERT INTO Location (idLocation, StartGRCh38, EndGRCh38, CythogeneticLocation, Strand, Microindel_idMicroindel)
VALUES ("148", "77587966", "77587965", "8", "1", "139");
INSERT INTO Location (idLocation, StartGRCh38, EndGRCh38, CythogeneticLocation, Strand, Microindel_idMicroindel)
VALUES ("149", "185589630", "185589629", "4", "1", "140");
INSERT INTO Location (idLocation, StartGRCh38, EndGRCh38, CythogeneticLocation, Strand, Microindel_idMicroindel)
VALUES ("150", "22226456", "22226455", "1", "1", "141");
INSERT INTO Location (idLocation, StartGRCh38, EndGRCh38, CythogeneticLocation, Strand, Microindel_idMicroindel)
VALUES ("151", "40299126", "40299125", "14", "1", "142");
INSERT INTO Location (idLocation, StartGRCh38, EndGRCh38, CythogeneticLocation, Strand, Microindel_idMicroindel)
VALUES ("152", "94736780", "94736779", "9", "1", "143");
INSERT INTO Location (idLocation, StartGRCh38, EndGRCh38, CythogeneticLocation, Strand, Microindel_idMicroindel)
VALUES ("153", "187505129", "187505128", "2", "1", "144");
INSERT INTO Location (idLocation, StartGRCh38, EndGRCh38, CythogeneticLocation, Strand, Microindel_idMicroindel)
VALUES ("154", "89751667", "89751666", "10", "1", "145");
INSERT INTO Location (idLocation, StartGRCh38, EndGRCh38, CythogeneticLocation, Strand, Microindel_idMicroindel)
VALUES ("155", "33127359", "33127358", "15", "1", "146");
INSERT INTO Location (idLocation, StartGRCh38, EndGRCh38, CythogeneticLocation, Strand, Microindel_idMicroindel)
VALUES ("156", "94449713", "94449712", "6", "1", "147");
INSERT INTO Location (idLocation, StartGRCh38, EndGRCh38, CythogeneticLocation, Strand, Microindel_idMicroindel)
VALUES ("157", "143966530", "143966529", "3", "1", "148");
INSERT INTO Location (idLocation, StartGRCh38, EndGRCh38, CythogeneticLocation, Strand, Microindel_idMicroindel)
VALUES ("158", "37515410", "37515409", "17", "1", "149");
INSERT INTO Location (idLocation, StartGRCh38, EndGRCh38, CythogeneticLocation, Strand, Microindel_idMicroindel)
VALUES ("159", "37520046", "37520045", "CHR_HSCHR17_7_CTG4", "1", "149");
INSERT INTO Location (idLocation, StartGRCh38, EndGRCh38, CythogeneticLocation, Strand, Microindel_idMicroindel)
VALUES ("160", "173055380", "173055379", "5", "1", "150");
INSERT INTO Location (idLocation, StartGRCh38, EndGRCh38, CythogeneticLocation, Strand, Microindel_idMicroindel)
VALUES ("161", "98605679", "98605678", "5", "1", "151");
INSERT INTO Location (idLocation, StartGRCh38, EndGRCh38, CythogeneticLocation, Strand, Microindel_idMicroindel)
VALUES ("162", "180846616", "180846615", "5", "1", "152");
INSERT INTO Location (idLocation, StartGRCh38, EndGRCh38, CythogeneticLocation, Strand, Microindel_idMicroindel)
VALUES ("163", "169539293", "169539292", "5", "1", "153");
INSERT INTO Location (idLocation, StartGRCh38, EndGRCh38, CythogeneticLocation, Strand, Microindel_idMicroindel)
VALUES ("164", "175350398", "175350397", "5", "1", "154");
INSERT INTO Location (idLocation, StartGRCh38, EndGRCh38, CythogeneticLocation, Strand, Microindel_idMicroindel)
VALUES ("165", "141089380", "141089379", "5", "1", "155");
INSERT INTO Location (idLocation, StartGRCh38, EndGRCh38, CythogeneticLocation, Strand, Microindel_idMicroindel)
VALUES ("166", "179840473", "179840472", "5", "1", "156");
INSERT INTO Location (idLocation, StartGRCh38, EndGRCh38, CythogeneticLocation, Strand, Microindel_idMicroindel)
VALUES ("167", "171750455", "171750454", "5", "1", "157");
INSERT INTO Location (idLocation, StartGRCh38, EndGRCh38, CythogeneticLocation, Strand, Microindel_idMicroindel)
VALUES ("168", "179976001", "179976000", "5", "1", "158");
INSERT INTO Location (idLocation, StartGRCh38, EndGRCh38, CythogeneticLocation, Strand, Microindel_idMicroindel)
VALUES ("169", "154272459", "154272458", "5", "1", "159");
INSERT INTO Location (idLocation, StartGRCh38, EndGRCh38, CythogeneticLocation, Strand, Microindel_idMicroindel)
VALUES ("170", "90573121", "90573120", "5", "1", "160");
INSERT INTO Location (idLocation, StartGRCh38, EndGRCh38, CythogeneticLocation, Strand, Microindel_idMicroindel)
VALUES ("171", "135042137", "135042136", "5", "1", "161");
INSERT INTO Location (idLocation, StartGRCh38, EndGRCh38, CythogeneticLocation, Strand, Microindel_idMicroindel)
VALUES ("172", "175349304", "175349303", "5", "1", "162");
INSERT INTO Location (idLocation, StartGRCh38, EndGRCh38, CythogeneticLocation, Strand, Microindel_idMicroindel)
VALUES ("173", "157194955", "157194954", "5", "1", "163");
INSERT INTO Location (idLocation, StartGRCh38, EndGRCh38, CythogeneticLocation, Strand, Microindel_idMicroindel)
VALUES ("174", "156708665", "156708664", "5", "1", "164");
INSERT INTO Location (idLocation, StartGRCh38, EndGRCh38, CythogeneticLocation, Strand, Microindel_idMicroindel)
VALUES ("175", "54189048", "54189047", "19", "1", "165");
INSERT INTO Location (idLocation, StartGRCh38, EndGRCh38, CythogeneticLocation, Strand, Microindel_idMicroindel)
VALUES ("176", "54189478", "54189477", "CHR_HSCHR19LRC_COX1_CTG3_1", "1", "165");
INSERT INTO Location (idLocation, StartGRCh38, EndGRCh38, CythogeneticLocation, Strand, Microindel_idMicroindel)
VALUES ("177", "54189646", "54189645", "CHR_HSCHR19LRC_COX2_CTG3_1", "1", "165");
INSERT INTO Location (idLocation, StartGRCh38, EndGRCh38, CythogeneticLocation, Strand, Microindel_idMicroindel)
VALUES ("178", "54189645", "54189644", "CHR_HSCHR19LRC_PGF1_CTG3_1", "1", "165");
INSERT INTO Location (idLocation, StartGRCh38, EndGRCh38, CythogeneticLocation, Strand, Microindel_idMicroindel)
VALUES ("179", "76086641", "76086640", "5", "1", "166");
INSERT INTO Location (idLocation, StartGRCh38, EndGRCh38, CythogeneticLocation, Strand, Microindel_idMicroindel)
VALUES ("180", "141641287", "141641286", "5", "1", "167");
INSERT INTO Location (idLocation, StartGRCh38, EndGRCh38, CythogeneticLocation, Strand, Microindel_idMicroindel)
VALUES ("181", "98874095", "98874094", "5", "1", "168");
INSERT INTO Location (idLocation, StartGRCh38, EndGRCh38, CythogeneticLocation, Strand, Microindel_idMicroindel)
VALUES ("182", "142063833", "142063832", "5", "1", "169");
INSERT INTO Location (idLocation, StartGRCh38, EndGRCh38, CythogeneticLocation, Strand, Microindel_idMicroindel)
VALUES ("183", "116290380", "116290379", "5", "1", "170");
INSERT INTO Location (idLocation, StartGRCh38, EndGRCh38, CythogeneticLocation, Strand, Microindel_idMicroindel)
VALUES ("184", "103112319", "103112318", "5", "1", "171");
INSERT INTO Location (idLocation, StartGRCh38, EndGRCh38, CythogeneticLocation, Strand, Microindel_idMicroindel)
VALUES ("185", "49993026", "49993025", "19", "1", "172");
INSERT INTO Location (idLocation, StartGRCh38, EndGRCh38, CythogeneticLocation, Strand, Microindel_idMicroindel)
VALUES ("186", "66082633", "66082632", "5", "1", "173");
INSERT INTO Location (idLocation, StartGRCh38, EndGRCh38, CythogeneticLocation, Strand, Microindel_idMicroindel)
VALUES ("187", "107501497", "107501496", "5", "1", "174");
INSERT INTO Location (idLocation, StartGRCh38, EndGRCh38, CythogeneticLocation, Strand, Microindel_idMicroindel)
VALUES ("188", "59286920", "59286919", "5", "1", "175");
INSERT INTO Location (idLocation, StartGRCh38, EndGRCh38, CythogeneticLocation, Strand, Microindel_idMicroindel)
VALUES ("189", "36860949", "36860948", "5", "1", "176");
INSERT INTO Location (idLocation, StartGRCh38, EndGRCh38, CythogeneticLocation, Strand, Microindel_idMicroindel)
VALUES ("190", "96991846", "96991845", "5", "1", "177");
INSERT INTO Location (idLocation, StartGRCh38, EndGRCh38, CythogeneticLocation, Strand, Microindel_idMicroindel)
VALUES ("191", "14596637", "14596636", "5", "1", "178");
INSERT INTO Location (idLocation, StartGRCh38, EndGRCh38, CythogeneticLocation, Strand, Microindel_idMicroindel)
VALUES ("192", "6935111", "6935110", "19", "1", "179");
INSERT INTO Location (idLocation, StartGRCh38, EndGRCh38, CythogeneticLocation, Strand, Microindel_idMicroindel)
VALUES ("193", "62460270", "62460269", "5", "1", "180");
INSERT INTO Location (idLocation, StartGRCh38, EndGRCh38, CythogeneticLocation, Strand, Microindel_idMicroindel)
VALUES ("194", "14615399", "14615398", "5", "1", "181");
INSERT INTO Location (idLocation, StartGRCh38, EndGRCh38, CythogeneticLocation, Strand, Microindel_idMicroindel)
VALUES ("195", "84240872", "84240871", "16", "1", "182");
INSERT INTO Location (idLocation, StartGRCh38, EndGRCh38, CythogeneticLocation, Strand, Microindel_idMicroindel)
VALUES ("196", "78957403", "78957402", "14", "1", "183");
INSERT INTO Location (idLocation, StartGRCh38, EndGRCh38, CythogeneticLocation, Strand, Microindel_idMicroindel)
VALUES ("197", "6559178", "6559177", "6", "1", "184");
INSERT INTO Location (idLocation, StartGRCh38, EndGRCh38, CythogeneticLocation, Strand, Microindel_idMicroindel)
VALUES ("198", "32621581", "32621580", "20", "1", "185");
INSERT INTO Location (idLocation, StartGRCh38, EndGRCh38, CythogeneticLocation, Strand, Microindel_idMicroindel)
VALUES ("199", "178051912", "178051911", "4", "1", "186");
INSERT INTO Location (idLocation, StartGRCh38, EndGRCh38, CythogeneticLocation, Strand, Microindel_idMicroindel)
VALUES ("200", "58708731", "58708730", "14", "1", "187");
INSERT INTO Location (idLocation, StartGRCh38, EndGRCh38, CythogeneticLocation, Strand, Microindel_idMicroindel)
VALUES ("201", "117463497", "117463496", "6", "1", "188");
INSERT INTO Location (idLocation, StartGRCh38, EndGRCh38, CythogeneticLocation, Strand, Microindel_idMicroindel)
VALUES ("202", "16181675", "16181674", "17", "1", "189");
INSERT INTO Location (idLocation, StartGRCh38, EndGRCh38, CythogeneticLocation, Strand, Microindel_idMicroindel)
VALUES ("203", "131594911", "131594910", "5", "1", "190");
INSERT INTO Location (idLocation, StartGRCh38, EndGRCh38, CythogeneticLocation, Strand, Microindel_idMicroindel)
VALUES ("204", "102841049", "102841048", "5", "1", "191");
INSERT INTO Location (idLocation, StartGRCh38, EndGRCh38, CythogeneticLocation, Strand, Microindel_idMicroindel)
VALUES ("205", "116394816", "116394815", "5", "1", "192");
INSERT INTO Location (idLocation, StartGRCh38, EndGRCh38, CythogeneticLocation, Strand, Microindel_idMicroindel)
VALUES ("206", "98560999", "98560998", "5", "1", "193");
INSERT INTO Location (idLocation, StartGRCh38, EndGRCh38, CythogeneticLocation, Strand, Microindel_idMicroindel)
VALUES ("207", "156235247", "156235246", "5", "1", "194");
INSERT INTO Location (idLocation, StartGRCh38, EndGRCh38, CythogeneticLocation, Strand, Microindel_idMicroindel)
VALUES ("208", "68443039", "68443038", "5", "1", "195");
INSERT INTO Location (idLocation, StartGRCh38, EndGRCh38, CythogeneticLocation, Strand, Microindel_idMicroindel)
VALUES ("209", "90518788", "90518787", "5", "1", "196");
INSERT INTO Location (idLocation, StartGRCh38, EndGRCh38, CythogeneticLocation, Strand, Microindel_idMicroindel)
VALUES ("210", "143301530", "143301529", "5", "1", "197");
INSERT INTO Location (idLocation, StartGRCh38, EndGRCh38, CythogeneticLocation, Strand, Microindel_idMicroindel)
VALUES ("211", "17,400,000", "25,500,000", "22q11.2", "Not provided", "198");
INSERT INTO Location (idLocation, StartGRCh38, EndGRCh38, CythogeneticLocation, Strand, Microindel_idMicroindel)
VALUES ("212", "50,100,000", "54,800,000", "Xp11.22", "Not provided", "199");
INSERT INTO Location (idLocation, StartGRCh38, EndGRCh38, CythogeneticLocation, Strand, Microindel_idMicroindel)
VALUES ("213", "192,600,000", "198,295,559", "3q29", "Not provided", "200");
INSERT INTO Location (idLocation, StartGRCh38, EndGRCh38, CythogeneticLocation, Strand, Microindel_idMicroindel)
VALUES ("214", "134,500,000", "138,900,000", "Xq26.3", "Not provided", "201");
INSERT INTO Location (idLocation, StartGRCh38, EndGRCh38, CythogeneticLocation, Strand, Microindel_idMicroindel)
VALUES ("215", "30,900,000", "33,400,000", "15q13.3", "Not provided", "202");
INSERT INTO Location (idLocation, StartGRCh38, EndGRCh38, CythogeneticLocation, Strand, Microindel_idMicroindel)
VALUES ("216", "", "", "Xq28", "Not provided", "203");
INSERT INTO Location (idLocation, StartGRCh38, EndGRCh38, CythogeneticLocation, Strand, Microindel_idMicroindel)
VALUES ("217", "192,600,000", "198,295,559", "3q29", "Not provided", "204");
INSERT INTO Location (idLocation, StartGRCh38, EndGRCh38, CythogeneticLocation, Strand, Microindel_idMicroindel)
VALUES ("218", "", "", "17q21.31", "Not provided", "205");
INSERT INTO Location (idLocation, StartGRCh38, EndGRCh38, CythogeneticLocation, Strand, Microindel_idMicroindel)
VALUES ("219", "", "", "15q13.3", "Not provided", "206");
INSERT INTO Location (idLocation, StartGRCh38, EndGRCh38, CythogeneticLocation, Strand, Microindel_idMicroindel)
VALUES ("220", "", "", "15q13.2", "Not provided", "207");
INSERT INTO Location (idLocation, StartGRCh38, EndGRCh38, CythogeneticLocation, Strand, Microindel_idMicroindel)
VALUES ("221", "27,400,000", "33,500,000", "17q11.2", "Not provided", "208");
INSERT INTO Gene (idGene, GeneName, idENSEMBL, Location_idLocation)
VALUES ("1", "Not provided", "ENSG00000241484", "1");
INSERT INTO Gene (idGene, GeneName, idENSEMBL, Location_idLocation)
VALUES ("2", "Not provided", "ENSG00000248405", "1");
INSERT INTO Gene (idGene, GeneName, idENSEMBL, Location_idLocation)
VALUES ("3", "Not provided", "ENSG00000235954", "2");
INSERT INTO Gene (idGene, GeneName, idENSEMBL, Location_idLocation)
VALUES ("4", "Not provided", "ENSG00000100154", "2");
INSERT INTO Gene (idGene, GeneName, idENSEMBL, Location_idLocation)
VALUES ("5", "Not provided", "ENSG00000096433", "3");
INSERT INTO Gene (idGene, GeneName, idENSEMBL, Location_idLocation)
VALUES ("6", "Not provided", "ENSG00000137288", "3");
INSERT INTO Gene (idGene, GeneName, idENSEMBL, Location_idLocation)
VALUES ("7", "Not provided", "ENSG00000266509", "3");
INSERT INTO Gene (idGene, GeneName, idENSEMBL, Location_idLocation)
VALUES ("8", "Not provided", "ENSG00000154127", "4");
INSERT INTO Gene (idGene, GeneName, idENSEMBL, Location_idLocation)
VALUES ("9", "Not provided", "ENSG00000135333", "5");
INSERT INTO Gene (idGene, GeneName, idENSEMBL, Location_idLocation)
VALUES ("10", "Not provided", "ENSG00000207827", "6");
INSERT INTO Gene (idGene, GeneName, idENSEMBL, Location_idLocation)
VALUES ("11", "Not provided", "ENSG00000269966", "6");
INSERT INTO Gene (idGene, GeneName, idENSEMBL, Location_idLocation)
VALUES ("12", "Not provided", "ENSG00000233237", "6");
INSERT INTO Gene (idGene, GeneName, idENSEMBL, Location_idLocation)
VALUES ("13", "Not provided", "ENSG00000145979", "7");
INSERT INTO Gene (idGene, GeneName, idENSEMBL, Location_idLocation)
VALUES ("14", "Not provided", "ENSG00000272379", "7");
INSERT INTO Gene (idGene, GeneName, idENSEMBL, Location_idLocation)
VALUES ("15", "Not provided", "ENSG00000215022", "7");
INSERT INTO Gene (idGene, GeneName, idENSEMBL, Location_idLocation)
VALUES ("16", "Not provided", "ENSG00000112137", "7");
INSERT INTO Gene (idGene, GeneName, idENSEMBL, Location_idLocation)
VALUES ("17", "Not provided", "ENSG00000282833", "7");
INSERT INTO Gene (idGene, GeneName, idENSEMBL, Location_idLocation)
VALUES ("18", "Not provided", "ENSG00000231389", "8");
INSERT INTO Gene (idGene, GeneName, idENSEMBL, Location_idLocation)
VALUES ("19", "Not provided", "ENSG00000235844", "9");
INSERT INTO Gene (idGene, GeneName, idENSEMBL, Location_idLocation)
VALUES ("20", "Not provided", "ENSG00000224103", "10");
INSERT INTO Gene (idGene, GeneName, idENSEMBL, Location_idLocation)
VALUES ("21", "Not provided", "ENSG00000229685", "11");
INSERT INTO Gene (idGene, GeneName, idENSEMBL, Location_idLocation)
VALUES ("22", "Not provided", "ENSG00000228163", "12");
INSERT INTO Gene (idGene, GeneName, idENSEMBL, Location_idLocation)
VALUES ("23", "Not provided", "ENSG00000168384", "13");
INSERT INTO Gene (idGene, GeneName, idENSEMBL, Location_idLocation)
VALUES ("24", "Not provided", "ENSG00000206291", "14");
INSERT INTO Gene (idGene, GeneName, idENSEMBL, Location_idLocation)
VALUES ("25", "Not provided", "ENSG00000236177", "15");
INSERT INTO Gene (idGene, GeneName, idENSEMBL, Location_idLocation)
VALUES ("26", "Not provided", "ENSG00000099940", "16");
INSERT INTO Gene (idGene, GeneName, idENSEMBL, Location_idLocation)
VALUES ("27", "Not provided", "ENSG00000241973", "17");
INSERT INTO Gene (idGene, GeneName, idENSEMBL, Location_idLocation)
VALUES ("28", "Not provided", "ENSG00000093010", "18");
INSERT INTO Gene (idGene, GeneName, idENSEMBL, Location_idLocation)
VALUES ("29", "Not provided", "LRG_1010", "18");
INSERT INTO Gene (idGene, GeneName, idENSEMBL, Location_idLocation)
VALUES ("30", "Not provided", "ENSG00000215193", "20");
INSERT INTO Gene (idGene, GeneName, idENSEMBL, Location_idLocation)
VALUES ("31", "Not provided", "ENSG00000280007", "20");
INSERT INTO Gene (idGene, GeneName, idENSEMBL, Location_idLocation)
VALUES ("32", "Not provided", "ENSG00000183785", "20");
INSERT INTO Gene (idGene, GeneName, idENSEMBL, Location_idLocation)
VALUES ("33", "Not provided", "ENSG00000250261", "22");
INSERT INTO Gene (idGene, GeneName, idENSEMBL, Location_idLocation)
VALUES ("34", "Not provided", "ENSG00000070371", "23");
INSERT INTO Gene (idGene, GeneName, idENSEMBL, Location_idLocation)
VALUES ("35", "Not provided", "ENSG00000099889", "27");
INSERT INTO Gene (idGene, GeneName, idENSEMBL, Location_idLocation)
VALUES ("36", "Not provided", "ENSG00000100285", "30");
INSERT INTO Gene (idGene, GeneName, idENSEMBL, Location_idLocation)
VALUES ("37", "Not provided", "ENSG00000099917", "31");
INSERT INTO Gene (idGene, GeneName, idENSEMBL, Location_idLocation)
VALUES ("38", "Not provided", "ENSG00000207343", "32");
INSERT INTO Gene (idGene, GeneName, idENSEMBL, Location_idLocation)
VALUES ("39", "Not provided", "ENSG00000244486", "32");
INSERT INTO Gene (idGene, GeneName, idENSEMBL, Location_idLocation)
VALUES ("40", "Not provided", "ENSG00000185252", "34");
INSERT INTO Gene (idGene, GeneName, idENSEMBL, Location_idLocation)
VALUES ("41", "Not provided", "ENSG00000100320", "39");
INSERT INTO Gene (idGene, GeneName, idENSEMBL, Location_idLocation)
VALUES ("42", "Not provided", "ENSG00000277564", "40");
INSERT INTO Gene (idGene, GeneName, idENSEMBL, Location_idLocation)
VALUES ("43", "Not provided", "Not provided", "41");
INSERT INTO Gene (idGene, GeneName, idENSEMBL, Location_idLocation)
VALUES ("44", "Not provided", "ENSG00000099937", "42");
INSERT INTO Gene (idGene, GeneName, idENSEMBL, Location_idLocation)
VALUES ("45", "Not provided", "ENSG00000184979", "43");
INSERT INTO Gene (idGene, GeneName, idENSEMBL, Location_idLocation)
VALUES ("46", "Not provided", "ENSG00000100181", "44");
INSERT INTO Gene (idGene, GeneName, idENSEMBL, Location_idLocation)
VALUES ("47", "Not provided", "ENSG00000273244", "44");
INSERT INTO Gene (idGene, GeneName, idENSEMBL, Location_idLocation)
VALUES ("48", "Not provided", "ENSG00000241717", "44");
INSERT INTO Gene (idGene, GeneName, idENSEMBL, Location_idLocation)
VALUES ("49", "Not provided", "ENSG00000272600", "47");
INSERT INTO Gene (idGene, GeneName, idENSEMBL, Location_idLocation)
VALUES ("50", "Not provided", "ENSG00000100368", "50");
INSERT INTO Gene (idGene, GeneName, idENSEMBL, Location_idLocation)
VALUES ("51", "Not provided", "ENSG00000161103", "51");
INSERT INTO Gene (idGene, GeneName, idENSEMBL, Location_idLocation)
VALUES ("52", "Not provided", "ENSG00000235617", "52");
INSERT INTO Gene (idGene, GeneName, idENSEMBL, Location_idLocation)
VALUES ("53", "Not provided", "ENSG00000225225", "52");
INSERT INTO Gene (idGene, GeneName, idENSEMBL, Location_idLocation)
VALUES ("54", "Not provided", "ENSG00000099910", "53");
INSERT INTO Gene (idGene, GeneName, idENSEMBL, Location_idLocation)
VALUES ("55", "Not provided", "ENSG00000255156", "53");
INSERT INTO Gene (idGene, GeneName, idENSEMBL, Location_idLocation)
VALUES ("56", "Not provided", "ENSG00000175329", "57");
INSERT INTO Gene (idGene, GeneName, idENSEMBL, Location_idLocation)
VALUES ("57", "Not provided", "ENSG00000237689", "61");
INSERT INTO Gene (idGene, GeneName, idENSEMBL, Location_idLocation)
VALUES ("58", "Not provided", "ENSG00000237358", "62");
INSERT INTO Gene (idGene, GeneName, idENSEMBL, Location_idLocation)
VALUES ("59", "Not provided", "ENSG00000228122", "62");
INSERT INTO Gene (idGene, GeneName, idENSEMBL, Location_idLocation)
VALUES ("60", "Not provided", "ENSG00000161133", "63");
INSERT INTO Gene (idGene, GeneName, idENSEMBL, Location_idLocation)
VALUES ("61", "Not provided", "ENSG00000234121", "68");
INSERT INTO Gene (idGene, GeneName, idENSEMBL, Location_idLocation)
VALUES ("62", "Not provided", "ENSG00000278008", "73");
INSERT INTO Gene (idGene, GeneName, idENSEMBL, Location_idLocation)
VALUES ("63", "Not provided", "ENSG00000237835", "80");
INSERT INTO Gene (idGene, GeneName, idENSEMBL, Location_idLocation)
VALUES ("64", "Not provided", "ENSG00000220248", "80");
INSERT INTO Gene (idGene, GeneName, idENSEMBL, Location_idLocation)
VALUES ("65", "Not provided", "ENSG00000201916", "83");
INSERT INTO Gene (idGene, GeneName, idENSEMBL, Location_idLocation)
VALUES ("66", "Not provided", "ENSG00000242876", "83");
INSERT INTO Gene (idGene, GeneName, idENSEMBL, Location_idLocation)
VALUES ("67", "Not provided", "ENSG00000236670", "83");
INSERT INTO Gene (idGene, GeneName, idENSEMBL, Location_idLocation)
VALUES ("68", "Not provided", "ENSG00000099954", "88");
INSERT INTO Gene (idGene, GeneName, idENSEMBL, Location_idLocation)
VALUES ("69", "Not provided", "ENSG00000239547", "88");
INSERT INTO Gene (idGene, GeneName, idENSEMBL, Location_idLocation)
VALUES ("70", "Not provided", "ENSG00000281471", "95");
INSERT INTO Gene (idGene, GeneName, idENSEMBL, Location_idLocation)
VALUES ("71", "Not provided", "ENSG00000280941", "95");
INSERT INTO Gene (idGene, GeneName, idENSEMBL, Location_idLocation)
VALUES ("72", "Not provided", "ENSG00000215544", "98");
INSERT INTO Gene (idGene, GeneName, idENSEMBL, Location_idLocation)
VALUES ("73", "Not provided", "ENSG00000211655", "112");
INSERT INTO Gene (idGene, GeneName, idENSEMBL, Location_idLocation)
VALUES ("74", "Not provided", "ENSG00000273737", "113");
INSERT INTO Gene (idGene, GeneName, idENSEMBL, Location_idLocation)
VALUES ("75", "Not provided", "ENSG00000236256", "114");
INSERT INTO Gene (idGene, GeneName, idENSEMBL, Location_idLocation)
VALUES ("76", "Not provided", "ENSG00000147202", "114");
INSERT INTO Gene (idGene, GeneName, idENSEMBL, Location_idLocation)
VALUES ("77", "Not provided", "ENSG00000146678", "116");
INSERT INTO Gene (idGene, GeneName, idENSEMBL, Location_idLocation)
VALUES ("78", "Not provided", "ENSG00000261115", "118");
INSERT INTO Gene (idGene, GeneName, idENSEMBL, Location_idLocation)
VALUES ("79", "Not provided", "ENSG00000005108", "119");
INSERT INTO Gene (idGene, GeneName, idENSEMBL, Location_idLocation)
VALUES ("80", "Not provided", "ENSG00000230333", "119");
INSERT INTO Gene (idGene, GeneName, idENSEMBL, Location_idLocation)
VALUES ("81", "Not provided", "ENSG00000130038", "120");
INSERT INTO Gene (idGene, GeneName, idENSEMBL, Location_idLocation)
VALUES ("82", "Not provided", "ENSG00000237851", "121");
INSERT INTO Gene (idGene, GeneName, idENSEMBL, Location_idLocation)
VALUES ("83", "Not provided", "ENSG00000010818", "121");
INSERT INTO Gene (idGene, GeneName, idENSEMBL, Location_idLocation)
VALUES ("84", "Not provided", "ENSG00000016402", "122");
INSERT INTO Gene (idGene, GeneName, idENSEMBL, Location_idLocation)
VALUES ("85", "Not provided", "ENSG00000230597", "125");
INSERT INTO Gene (idGene, GeneName, idENSEMBL, Location_idLocation)
VALUES ("86", "Not provided", "ENSG00000232295", "125");
INSERT INTO Gene (idGene, GeneName, idENSEMBL, Location_idLocation)
VALUES ("87", "Not provided", "ENSG00000153162", "126");
INSERT INTO Gene (idGene, GeneName, idENSEMBL, Location_idLocation)
VALUES ("88", "Not provided", "ENSG00000137203", "127");
INSERT INTO Gene (idGene, GeneName, idENSEMBL, Location_idLocation)
VALUES ("89", "Not provided", "ENSG00000257228", "129");
INSERT INTO Gene (idGene, GeneName, idENSEMBL, Location_idLocation)
VALUES ("90", "Not provided", "ENSG00000165966", "129");
INSERT INTO Gene (idGene, GeneName, idENSEMBL, Location_idLocation)
VALUES ("91", "Not provided", "ENSG00000183023", "130");
INSERT INTO Gene (idGene, GeneName, idENSEMBL, Location_idLocation)
VALUES ("92", "Not provided", "ENSG00000227028", "130");
INSERT INTO Gene (idGene, GeneName, idENSEMBL, Location_idLocation)
VALUES ("93", "Not provided", "ENSG00000230472", "131");
INSERT INTO Gene (idGene, GeneName, idENSEMBL, Location_idLocation)
VALUES ("94", "Not provided", "ENSG00000137161", "133");
INSERT INTO Gene (idGene, GeneName, idENSEMBL, Location_idLocation)
VALUES ("95", "Not provided", "ENSG00000171611", "133");
INSERT INTO Gene (idGene, GeneName, idENSEMBL, Location_idLocation)
VALUES ("96", "Not provided", "ENSG00000251680", "135");
INSERT INTO Gene (idGene, GeneName, idENSEMBL, Location_idLocation)
VALUES ("97", "Not provided", "ENSG00000145808", "135");
INSERT INTO Gene (idGene, GeneName, idENSEMBL, Location_idLocation)
VALUES ("98", "Not provided", "ENSG00000197594", "136");
INSERT INTO Gene (idGene, GeneName, idENSEMBL, Location_idLocation)
VALUES ("99", "Not provided", "ENSG00000118495", "137");
INSERT INTO Gene (idGene, GeneName, idENSEMBL, Location_idLocation)
VALUES ("100", "Not provided", "ENSG00000006432", "139");
INSERT INTO Gene (idGene, GeneName, idENSEMBL, Location_idLocation)
VALUES ("101", "Not provided", "ENSG00000077935", "142");
INSERT INTO Gene (idGene, GeneName, idENSEMBL, Location_idLocation)
VALUES ("102", "Not provided", "ENSG00000085449", "143");
INSERT INTO Gene (idGene, GeneName, idENSEMBL, Location_idLocation)
VALUES ("103", "Not provided", "ENSG00000148488", "144");
INSERT INTO Gene (idGene, GeneName, idENSEMBL, Location_idLocation)
VALUES ("104", "Not provided", "ENSG00000151067", "145");
INSERT INTO Gene (idGene, GeneName, idENSEMBL, Location_idLocation)
VALUES ("105", "Not provided", "LRG_334", "145");
INSERT INTO Gene (idGene, GeneName, idENSEMBL, Location_idLocation)
VALUES ("106", "Not provided", "ENSG00000282863", "146");
INSERT INTO Gene (idGene, GeneName, idENSEMBL, Location_idLocation)
VALUES ("107", "Not provided", "ENSG00000230417", "146");
INSERT INTO Gene (idGene, GeneName, idENSEMBL, Location_idLocation)
VALUES ("108", "Not provided", "ENSG00000141510", "147");
INSERT INTO Gene (idGene, GeneName, idENSEMBL, Location_idLocation)
VALUES ("109", "Not provided", "LRG_321", "147");
INSERT INTO Gene (idGene, GeneName, idENSEMBL, Location_idLocation)
VALUES ("110", "Not provided", "ENSG00000154556", "149");
INSERT INTO Gene (idGene, GeneName, idENSEMBL, Location_idLocation)
VALUES ("111", "Not provided", "ENSG00000233110", "149");
INSERT INTO Gene (idGene, GeneName, idENSEMBL, Location_idLocation)
VALUES ("112", "Not provided", "ENSG00000148120", "152");
INSERT INTO Gene (idGene, GeneName, idENSEMBL, Location_idLocation)
VALUES ("113", "Not provided", "ENSG00000003436", "153");
INSERT INTO Gene (idGene, GeneName, idENSEMBL, Location_idLocation)
VALUES ("114", "Not provided", "ENSG00000224063", "153");
INSERT INTO Gene (idGene, GeneName, idENSEMBL, Location_idLocation)
VALUES ("115", "Not provided", "ENSG00000138182", "154");
INSERT INTO Gene (idGene, GeneName, idENSEMBL, Location_idLocation)
VALUES ("116", "Not provided", "ENSG00000248905", "155");
INSERT INTO Gene (idGene, GeneName, idENSEMBL, Location_idLocation)
VALUES ("117", "Not provided", "ENSG00000282513", "155");
INSERT INTO Gene (idGene, GeneName, idENSEMBL, Location_idLocation)
VALUES ("118", "Not provided", "ENSG00000216853", "156");
INSERT INTO Gene (idGene, GeneName, idENSEMBL, Location_idLocation)
VALUES ("119", "Not provided", "ENSG00000276023", "158");
INSERT INTO Gene (idGene, GeneName, idENSEMBL, Location_idLocation)
VALUES ("120", "Not provided", "ENSG00000275066", "158");
INSERT INTO Gene (idGene, GeneName, idENSEMBL, Location_idLocation)
VALUES ("121", "Not provided", "ENSG00000274047", "159");
INSERT INTO Gene (idGene, GeneName, idENSEMBL, Location_idLocation)
VALUES ("122", "Not provided", "ENSG00000275932", "159");
INSERT INTO Gene (idGene, GeneName, idENSEMBL, Location_idLocation)
VALUES ("123", "Not provided", "ENSG00000164463", "160");
INSERT INTO Gene (idGene, GeneName, idENSEMBL, Location_idLocation)
VALUES ("124", "Not provided", "ENSG00000207210", "160");
INSERT INTO Gene (idGene, GeneName, idENSEMBL, Location_idLocation)
VALUES ("125", "Not provided", "ENSG00000196670", "162");
INSERT INTO Gene (idGene, GeneName, idENSEMBL, Location_idLocation)
VALUES ("126", "Not provided", "ENSG00000279047", "165");
INSERT INTO Gene (idGene, GeneName, idENSEMBL, Location_idLocation)
VALUES ("127", "Not provided", "ENSG00000279558", "165");
INSERT INTO Gene (idGene, GeneName, idENSEMBL, Location_idLocation)
VALUES ("128", "Not provided", "ENSG00000161011", "166");
INSERT INTO Gene (idGene, GeneName, idENSEMBL, Location_idLocation)
VALUES ("129", "Not provided", "ENSG00000161010", "166");
INSERT INTO Gene (idGene, GeneName, idENSEMBL, Location_idLocation)
VALUES ("130", "Not provided", "ENSG00000113269", "168");
INSERT INTO Gene (idGene, GeneName, idENSEMBL, Location_idLocation)
VALUES ("131", "Not provided", "ENSG00000164574", "169");
INSERT INTO Gene (idGene, GeneName, idENSEMBL, Location_idLocation)
VALUES ("132", "Not provided", "ENSG00000164199", "170");
INSERT INTO Gene (idGene, GeneName, idENSEMBL, Location_idLocation)
VALUES ("133", "Not provided", "ENSG00000224186", "171");
INSERT INTO Gene (idGene, GeneName, idENSEMBL, Location_idLocation)
VALUES ("134", "Not provided", "ENSG00000249082", "171");
INSERT INTO Gene (idGene, GeneName, idENSEMBL, Location_idLocation)
VALUES ("135", "Not provided", "ENSG00000253980", "173");
INSERT INTO Gene (idGene, GeneName, idENSEMBL, Location_idLocation)
VALUES ("136", "Not provided", "ENSG00000113263", "173");
INSERT INTO Gene (idGene, GeneName, idENSEMBL, Location_idLocation)
VALUES ("137", "Not provided", "LRG_189", "173");
INSERT INTO Gene (idGene, GeneName, idENSEMBL, Location_idLocation)
VALUES ("138", "Not provided", "ENSG00000254163", "174");
INSERT INTO Gene (idGene, GeneName, idENSEMBL, Location_idLocation)
VALUES ("139", "Not provided", "ENSG00000170624", "174");
INSERT INTO Gene (idGene, GeneName, idENSEMBL, Location_idLocation)
VALUES ("140", "Not provided", "LRG_205", "174");
INSERT INTO Gene (idGene, GeneName, idENSEMBL, Location_idLocation)
VALUES ("141", "Not provided", "ENSG00000170892", "175");
INSERT INTO Gene (idGene, GeneName, idENSEMBL, Location_idLocation)
VALUES ("142", "Not provided", "ENSG00000125505", "175");
INSERT INTO Gene (idGene, GeneName, idENSEMBL, Location_idLocation)
VALUES ("143", "Not provided", "ENSG00000276935", "176");
INSERT INTO Gene (idGene, GeneName, idENSEMBL, Location_idLocation)
VALUES ("144", "Not provided", "ENSG00000278622", "176");
INSERT INTO Gene (idGene, GeneName, idENSEMBL, Location_idLocation)
VALUES ("145", "Not provided", "ENSG00000274796", "177");
INSERT INTO Gene (idGene, GeneName, idENSEMBL, Location_idLocation)
VALUES ("146", "Not provided", "ENSG00000278322", "177");
INSERT INTO Gene (idGene, GeneName, idENSEMBL, Location_idLocation)
VALUES ("147", "Not provided", "ENSG00000274078", "177");
INSERT INTO Gene (idGene, GeneName, idENSEMBL, Location_idLocation)
VALUES ("148", "Not provided", "ENSG00000278519", "177");
INSERT INTO Gene (idGene, GeneName, idENSEMBL, Location_idLocation)
VALUES ("149", "Not provided", "ENSG00000274672", "177");
INSERT INTO Gene (idGene, GeneName, idENSEMBL, Location_idLocation)
VALUES ("150", "Not provided", "ENSG00000277025", "177");
INSERT INTO Gene (idGene, GeneName, idENSEMBL, Location_idLocation)
VALUES ("151", "Not provided", "ENSG00000275165", "177");
INSERT INTO Gene (idGene, GeneName, idENSEMBL, Location_idLocation)
VALUES ("152", "Not provided", "ENSG00000277733", "177");
INSERT INTO Gene (idGene, GeneName, idENSEMBL, Location_idLocation)
VALUES ("153", "Not provided", "ENSG00000273896", "177");
INSERT INTO Gene (idGene, GeneName, idENSEMBL, Location_idLocation)
VALUES ("154", "Not provided", "ENSG00000277923", "177");
INSERT INTO Gene (idGene, GeneName, idENSEMBL, Location_idLocation)
VALUES ("155", "Not provided", "ENSG00000274129", "178");
INSERT INTO Gene (idGene, GeneName, idENSEMBL, Location_idLocation)
VALUES ("156", "Not provided", "ENSG00000273592", "178");
INSERT INTO Gene (idGene, GeneName, idENSEMBL, Location_idLocation)
VALUES ("157", "Not provided", "ENSG00000278712", "178");
INSERT INTO Gene (idGene, GeneName, idENSEMBL, Location_idLocation)
VALUES ("158", "Not provided", "ENSG00000274194", "178");
INSERT INTO Gene (idGene, GeneName, idENSEMBL, Location_idLocation)
VALUES ("159", "Not provided", "ENSG00000278605", "178");
INSERT INTO Gene (idGene, GeneName, idENSEMBL, Location_idLocation)
VALUES ("160", "Not provided", "ENSG00000275118", "178");
INSERT INTO Gene (idGene, GeneName, idENSEMBL, Location_idLocation)
VALUES ("161", "Not provided", "ENSG00000248127", "179");
INSERT INTO Gene (idGene, GeneName, idENSEMBL, Location_idLocation)
VALUES ("162", "Not provided", "ENSG00000122012", "179");
INSERT INTO Gene (idGene, GeneName, idENSEMBL, Location_idLocation)
VALUES ("163", "Not provided", "ENSG00000197948", "180");
INSERT INTO Gene (idGene, GeneName, idENSEMBL, Location_idLocation)
VALUES ("164", "Not provided", "ENSG00000171720", "180");
INSERT INTO Gene (idGene, GeneName, idENSEMBL, Location_idLocation)
VALUES ("165", "Not provided", "ENSG00000164620", "180");
INSERT INTO Gene (idGene, GeneName, idENSEMBL, Location_idLocation)
VALUES ("166", "Not provided", "ENSG00000153922", "181");
INSERT INTO Gene (idGene, GeneName, idENSEMBL, Location_idLocation)
VALUES ("167", "Not provided", "ENSG00000145781", "183");
INSERT INTO Gene (idGene, GeneName, idENSEMBL, Location_idLocation)
VALUES ("168", "Not provided", "ENSG00000145723", "184");
INSERT INTO Gene (idGene, GeneName, idENSEMBL, Location_idLocation)
VALUES ("169", "Not provided", "ENSG00000105053", "185");
INSERT INTO Gene (idGene, GeneName, idENSEMBL, Location_idLocation)
VALUES ("170", "Not provided", "ENSG00000112851", "186");
INSERT INTO Gene (idGene, GeneName, idENSEMBL, Location_idLocation)
VALUES ("171", "Not provided", "ENSG00000184349", "187");
INSERT INTO Gene (idGene, GeneName, idENSEMBL, Location_idLocation)
VALUES ("172", "Not provided", "ENSG00000113448", "188");
INSERT INTO Gene (idGene, GeneName, idENSEMBL, Location_idLocation)
VALUES ("173", "Not provided", "ENSG00000272103", "189");
INSERT INTO Gene (idGene, GeneName, idENSEMBL, Location_idLocation)
VALUES ("174", "Not provided", "ENSG00000113441", "190");
INSERT INTO Gene (idGene, GeneName, idENSEMBL, Location_idLocation)
VALUES ("175", "Not provided", "ENSG00000145569", "191");
INSERT INTO Gene (idGene, GeneName, idENSEMBL, Location_idLocation)
VALUES ("176", "Not provided", "ENSG00000174837", "192");
INSERT INTO Gene (idGene, GeneName, idENSEMBL, Location_idLocation)
VALUES ("177", "Not provided", "ENSG00000086200", "193");
INSERT INTO Gene (idGene, GeneName, idENSEMBL, Location_idLocation)
VALUES ("178", "Not provided", "ENSG00000068796", "193");
INSERT INTO Gene (idGene, GeneName, idENSEMBL, Location_idLocation)
VALUES ("179", "Not provided", "ENSG00000248791", "194");
INSERT INTO Gene (idGene, GeneName, idENSEMBL, Location_idLocation)
VALUES ("180", "Not provided", "ENSG00000168418", "195");
INSERT INTO Gene (idGene, GeneName, idENSEMBL, Location_idLocation)
VALUES ("181", "Not provided", "ENSG00000021645", "196");
INSERT INTO Gene (idGene, GeneName, idENSEMBL, Location_idLocation)
VALUES ("182", "Not provided", "ENSG00000216863", "197");
INSERT INTO Gene (idGene, GeneName, idENSEMBL, Location_idLocation)
VALUES ("183", "Not provided", "ENSG00000282218", "201");
INSERT INTO Gene (idGene, GeneName, idENSEMBL, Location_idLocation)
VALUES ("184", "Not provided", "ENSG00000164465", "201");
INSERT INTO Gene (idGene, GeneName, idENSEMBL, Location_idLocation)
VALUES ("185", "Not provided", "ENSG00000141027", "202");
INSERT INTO Gene (idGene, GeneName, idENSEMBL, Location_idLocation)
VALUES ("186", "Not provided", "ENSG00000273217", "203");
INSERT INTO Gene (idGene, GeneName, idENSEMBL, Location_idLocation)
VALUES ("187", "Not provided", "ENSG00000158987", "203");
INSERT INTO Gene (idGene, GeneName, idENSEMBL, Location_idLocation)
VALUES ("188", "Not provided", "ENSG00000145730", "204");
INSERT INTO Gene (idGene, GeneName, idENSEMBL, Location_idLocation)
VALUES ("189", "Not provided", "ENSG00000113356", "209");
INSERT INTO Gene (idGene, GeneName, idENSEMBL, Location_idLocation)
VALUES ("190", "Not provided", "ENSG00000176018", "209");
INSERT INTO Gene (idGene, GeneName, idENSEMBL, Location_idLocation)
VALUES ("191", "Not provided", "ENSG00000113580", "210");
INSERT INTO Gene (idGene, GeneName, idENSEMBL, Location_idLocation)
VALUES ("192", "Not provided", "Not provided", "210");
INSERT INTO Gene (idGene, GeneName, idENSEMBL, Location_idLocation)
VALUES ("193", "MRX17", "Not provided", "212");
INSERT INTO Gene (idGene, GeneName, idENSEMBL, Location_idLocation)
VALUES ("194", "MRX31", "Not provided", "212");
INSERT INTO Gene (idGene, GeneName, idENSEMBL, Location_idLocation)
VALUES ("195", "Not provided", "Not provided", "213");
INSERT INTO Gene (idGene, GeneName, idENSEMBL, Location_idLocation)
VALUES ("196", "XLAG", "Not provided", "214");
INSERT INTO Gene (idGene, GeneName, idENSEMBL, Location_idLocation)
VALUES ("197", "EIG7", "Not provided", "215");
INSERT INTO Gene (idGene, GeneName, idENSEMBL, Location_idLocation)
VALUES ("198", "SCZD13", "Not provided", "215");
INSERT INTO Gene (idGene, GeneName, idENSEMBL, Location_idLocation)
VALUES ("199", "Not provided", "Not provided", "216");
INSERT INTO Gene (idGene, GeneName, idENSEMBL, Location_idLocation)
VALUES ("200", "Not provided", "Not provided", "217");
INSERT INTO Gene (idGene, GeneName, idENSEMBL, Location_idLocation)
VALUES ("201", "Not provided", "Not provided", "218");
INSERT INTO Gene (idGene, GeneName, idENSEMBL, Location_idLocation)
VALUES ("202", "Not provided", "Not provided", "219");
INSERT INTO Gene (idGene, GeneName, idENSEMBL, Location_idLocation)
VALUES ("203", "Not provided", "Not provided", "220");
INSERT INTO Gene (idGene, GeneName, idENSEMBL, Location_idLocation)
VALUES ("204", "Not provided", "Not provided", "221");
INSERT INTO ClinicalSignificance (idClinicalSignificance, Value)
VALUES ("1", "Not provided");
INSERT INTO ClinicalSignificance (idClinicalSignificance, Value)
VALUES ("2", "benign");
INSERT INTO Disease (idDisease, DiseaseName, idMIM)
VALUES ("1", "Not provided", "Not provided");
INSERT INTO Disease (idDisease, DiseaseName, idMIM)
VALUES ("2", "ZELLWEGER SYNDROME", "Not provided");
INSERT INTO Disease (idDisease, DiseaseName, idMIM)
VALUES ("3", "608363", "");
INSERT INTO Disease (idDisease, DiseaseName, idMIM)
VALUES ("4", "", "300705");
INSERT INTO Disease (idDisease, DiseaseName, idMIM)
VALUES ("5", "", "611936");
INSERT INTO Disease (idDisease, DiseaseName, idMIM)
VALUES ("6", "", "300942");
INSERT INTO Disease (idDisease, DiseaseName, idMIM)
VALUES ("7", "", "612001");
INSERT INTO Disease (idDisease, DiseaseName, idMIM)
VALUES ("8", "Deafness", "300475");
INSERT INTO Disease (idDisease, DiseaseName, idMIM)
VALUES ("9", "Dystonia", "300475");
INSERT INTO Disease (idDisease, DiseaseName, idMIM)
VALUES ("10", "cerebral_hypomethylation", "300475");
INSERT INTO Disease (idDisease, DiseaseName, idMIM)
VALUES ("11", "DDCH", "300475");
INSERT INTO Disease (idDisease, DiseaseName, idMIM)
VALUES ("12", "", "609425");
INSERT INTO Disease (idDisease, DiseaseName, idMIM)
VALUES ("13", "Koolen-de_Vries_syndrome(KDVS)", "610443");
INSERT INTO Disease (idDisease, DiseaseName, idMIM)
VALUES ("16", "neurofibromatosis1(NF1)", "613675");
INSERT INTO References (idReferences, PMID, Database)
VALUES ("1", "Not provided", "dbSNP");
INSERT INTO References (idReferences, PMID, Database)
VALUES ("2", "26837816", "dbSNP");
INSERT INTO References (idReferences, PMID, Database)
VALUES ("3", "21285523", "dbSNP");
INSERT INTO References (idReferences, PMID, Database)
VALUES ("4", "22272242", "dbSNP");
INSERT INTO References (idReferences, PMID, Database)
VALUES ("5", "16039051", "dbSNP");
INSERT INTO References (idReferences, PMID, Database)
VALUES ("6", "17997390", "dbSNP");
INSERT INTO References (idReferences, PMID, Database)
VALUES ("7", "21359226", "dbSNP");
INSERT INTO References (idReferences, PMID, Database)
VALUES ("8", "22124616", "dbSNP");
INSERT INTO References (idReferences, PMID, Database)
VALUES ("9", "23690203", "dbSNP");
INSERT INTO References (idReferences, PMID, Database)
VALUES ("10", "24416183", "dbSNP");
INSERT INTO References (idReferences, PMID, Database)
VALUES ("11", "19515250", "dbSNP");
INSERT INTO References (idReferences, PMID, Database)
VALUES ("12", "22876571", "NCBI");
INSERT INTO References (idReferences, PMID, Database)
VALUES ("13", "23521024", "NCBI");
INSERT INTO References (idReferences, PMID, Database)
VALUES ("14", "25470569", "NCBI");
INSERT INTO References (idReferences, PMID, Database)
VALUES ("15", "24246141", "NCBI");
INSERT INTO References (idReferences, PMID, Database)
VALUES ("16", "25326701", "NCBI");
INSERT INTO Microindel_has_References (Microindel_idMicroindel, References_idReferences)
VALUES ("1", "1");
INSERT INTO Microindel_has_References (Microindel_idMicroindel, References_idReferences)
VALUES ("2", "1");
INSERT INTO Microindel_has_References (Microindel_idMicroindel, References_idReferences)
VALUES ("3", "1");
INSERT INTO Microindel_has_References (Microindel_idMicroindel, References_idReferences)
VALUES ("4", "1");
INSERT INTO Microindel_has_References (Microindel_idMicroindel, References_idReferences)
VALUES ("5", "1");
INSERT INTO Microindel_has_References (Microindel_idMicroindel, References_idReferences)
VALUES ("6", "1");
INSERT INTO Microindel_has_References (Microindel_idMicroindel, References_idReferences)
VALUES ("7", "1");
INSERT INTO Microindel_has_References (Microindel_idMicroindel, References_idReferences)
VALUES ("8", "1");
INSERT INTO Microindel_has_References (Microindel_idMicroindel, References_idReferences)
VALUES ("9", "1");
INSERT INTO Microindel_has_References (Microindel_idMicroindel, References_idReferences)
VALUES ("10", "1");
INSERT INTO Microindel_has_References (Microindel_idMicroindel, References_idReferences)
VALUES ("11", "1");
INSERT INTO Microindel_has_References (Microindel_idMicroindel, References_idReferences)
VALUES ("12", "1");
INSERT INTO Microindel_has_References (Microindel_idMicroindel, References_idReferences)
VALUES ("13", "1");
INSERT INTO Microindel_has_References (Microindel_idMicroindel, References_idReferences)
VALUES ("14", "1");
INSERT INTO Microindel_has_References (Microindel_idMicroindel, References_idReferences)
VALUES ("15", "1");
INSERT INTO Microindel_has_References (Microindel_idMicroindel, References_idReferences)
VALUES ("16", "1");
INSERT INTO Microindel_has_References (Microindel_idMicroindel, References_idReferences)
VALUES ("17", "1");
INSERT INTO Microindel_has_References (Microindel_idMicroindel, References_idReferences)
VALUES ("18", "1");
INSERT INTO Microindel_has_References (Microindel_idMicroindel, References_idReferences)
VALUES ("19", "1");
INSERT INTO Microindel_has_References (Microindel_idMicroindel, References_idReferences)
VALUES ("20", "1");
INSERT INTO Microindel_has_References (Microindel_idMicroindel, References_idReferences)
VALUES ("21", "2");
INSERT INTO Microindel_has_References (Microindel_idMicroindel, References_idReferences)
VALUES ("22", "1");
INSERT INTO Microindel_has_References (Microindel_idMicroindel, References_idReferences)
VALUES ("23", "1");
INSERT INTO Microindel_has_References (Microindel_idMicroindel, References_idReferences)
VALUES ("24", "1");
INSERT INTO Microindel_has_References (Microindel_idMicroindel, References_idReferences)
VALUES ("25", "1");
INSERT INTO Microindel_has_References (Microindel_idMicroindel, References_idReferences)
VALUES ("25", "1");
INSERT INTO Microindel_has_References (Microindel_idMicroindel, References_idReferences)
VALUES ("26", "1");
INSERT INTO Microindel_has_References (Microindel_idMicroindel, References_idReferences)
VALUES ("27", "1");
INSERT INTO Microindel_has_References (Microindel_idMicroindel, References_idReferences)
VALUES ("28", "1");
INSERT INTO Microindel_has_References (Microindel_idMicroindel, References_idReferences)
VALUES ("29", "1");
INSERT INTO Microindel_has_References (Microindel_idMicroindel, References_idReferences)
VALUES ("30", "1");
INSERT INTO Microindel_has_References (Microindel_idMicroindel, References_idReferences)
VALUES ("31", "1");
INSERT INTO Microindel_has_References (Microindel_idMicroindel, References_idReferences)
VALUES ("31", "1");
INSERT INTO Microindel_has_References (Microindel_idMicroindel, References_idReferences)
VALUES ("32", "1");
INSERT INTO Microindel_has_References (Microindel_idMicroindel, References_idReferences)
VALUES ("32", "1");
INSERT INTO Microindel_has_References (Microindel_idMicroindel, References_idReferences)
VALUES ("33", "1");
INSERT INTO Microindel_has_References (Microindel_idMicroindel, References_idReferences)
VALUES ("34", "1");
INSERT INTO Microindel_has_References (Microindel_idMicroindel, References_idReferences)
VALUES ("34", "1");
INSERT INTO Microindel_has_References (Microindel_idMicroindel, References_idReferences)
VALUES ("35", "1");
INSERT INTO Microindel_has_References (Microindel_idMicroindel, References_idReferences)
VALUES ("36", "1");
INSERT INTO Microindel_has_References (Microindel_idMicroindel, References_idReferences)
VALUES ("36", "1");
INSERT INTO Microindel_has_References (Microindel_idMicroindel, References_idReferences)
VALUES ("36", "1");
INSERT INTO Microindel_has_References (Microindel_idMicroindel, References_idReferences)
VALUES ("37", "1");
INSERT INTO Microindel_has_References (Microindel_idMicroindel, References_idReferences)
VALUES ("38", "1");
INSERT INTO Microindel_has_References (Microindel_idMicroindel, References_idReferences)
VALUES ("39", "1");
INSERT INTO Microindel_has_References (Microindel_idMicroindel, References_idReferences)
VALUES ("39", "1");
INSERT INTO Microindel_has_References (Microindel_idMicroindel, References_idReferences)
VALUES ("40", "1");
INSERT INTO Microindel_has_References (Microindel_idMicroindel, References_idReferences)
VALUES ("40", "1");
INSERT INTO Microindel_has_References (Microindel_idMicroindel, References_idReferences)
VALUES ("41", "1");
INSERT INTO Microindel_has_References (Microindel_idMicroindel, References_idReferences)
VALUES ("42", "1");
INSERT INTO Microindel_has_References (Microindel_idMicroindel, References_idReferences)
VALUES ("43", "1");
INSERT INTO Microindel_has_References (Microindel_idMicroindel, References_idReferences)
VALUES ("44", "1");
INSERT INTO Microindel_has_References (Microindel_idMicroindel, References_idReferences)
VALUES ("44", "1");
INSERT INTO Microindel_has_References (Microindel_idMicroindel, References_idReferences)
VALUES ("44", "1");
INSERT INTO Microindel_has_References (Microindel_idMicroindel, References_idReferences)
VALUES ("45", "1");
INSERT INTO Microindel_has_References (Microindel_idMicroindel, References_idReferences)
VALUES ("45", "1");
INSERT INTO Microindel_has_References (Microindel_idMicroindel, References_idReferences)
VALUES ("46", "1");
INSERT INTO Microindel_has_References (Microindel_idMicroindel, References_idReferences)
VALUES ("47", "1");
INSERT INTO Microindel_has_References (Microindel_idMicroindel, References_idReferences)
VALUES ("47", "1");
INSERT INTO Microindel_has_References (Microindel_idMicroindel, References_idReferences)
VALUES ("47", "1");
INSERT INTO Microindel_has_References (Microindel_idMicroindel, References_idReferences)
VALUES ("48", "1");
INSERT INTO Microindel_has_References (Microindel_idMicroindel, References_idReferences)
VALUES ("49", "1");
INSERT INTO Microindel_has_References (Microindel_idMicroindel, References_idReferences)
VALUES ("50", "1");
INSERT INTO Microindel_has_References (Microindel_idMicroindel, References_idReferences)
VALUES ("51", "1");
INSERT INTO Microindel_has_References (Microindel_idMicroindel, References_idReferences)
VALUES ("51", "1");
INSERT INTO Microindel_has_References (Microindel_idMicroindel, References_idReferences)
VALUES ("52", "1");
INSERT INTO Microindel_has_References (Microindel_idMicroindel, References_idReferences)
VALUES ("53", "1");
INSERT INTO Microindel_has_References (Microindel_idMicroindel, References_idReferences)
VALUES ("54", "1");
INSERT INTO Microindel_has_References (Microindel_idMicroindel, References_idReferences)
VALUES ("54", "1");
INSERT INTO Microindel_has_References (Microindel_idMicroindel, References_idReferences)
VALUES ("55", "1");
INSERT INTO Microindel_has_References (Microindel_idMicroindel, References_idReferences)
VALUES ("56", "1");
INSERT INTO Microindel_has_References (Microindel_idMicroindel, References_idReferences)
VALUES ("57", "1");
INSERT INTO Microindel_has_References (Microindel_idMicroindel, References_idReferences)
VALUES ("58", "1");
INSERT INTO Microindel_has_References (Microindel_idMicroindel, References_idReferences)
VALUES ("58", "1");
INSERT INTO Microindel_has_References (Microindel_idMicroindel, References_idReferences)
VALUES ("59", "1");
INSERT INTO Microindel_has_References (Microindel_idMicroindel, References_idReferences)
VALUES ("60", "1");
INSERT INTO Microindel_has_References (Microindel_idMicroindel, References_idReferences)
VALUES ("61", "1");
INSERT INTO Microindel_has_References (Microindel_idMicroindel, References_idReferences)
VALUES ("61", "1");
INSERT INTO Microindel_has_References (Microindel_idMicroindel, References_idReferences)
VALUES ("62", "1");
INSERT INTO Microindel_has_References (Microindel_idMicroindel, References_idReferences)
VALUES ("62", "1");
INSERT INTO Microindel_has_References (Microindel_idMicroindel, References_idReferences)
VALUES ("63", "1");
INSERT INTO Microindel_has_References (Microindel_idMicroindel, References_idReferences)
VALUES ("64", "1");
INSERT INTO Microindel_has_References (Microindel_idMicroindel, References_idReferences)
VALUES ("65", "1");
INSERT INTO Microindel_has_References (Microindel_idMicroindel, References_idReferences)
VALUES ("66", "1");
INSERT INTO Microindel_has_References (Microindel_idMicroindel, References_idReferences)
VALUES ("67", "1");
INSERT INTO Microindel_has_References (Microindel_idMicroindel, References_idReferences)
VALUES ("68", "1");
INSERT INTO Microindel_has_References (Microindel_idMicroindel, References_idReferences)
VALUES ("68", "1");
INSERT INTO Microindel_has_References (Microindel_idMicroindel, References_idReferences)
VALUES ("68", "1");
INSERT INTO Microindel_has_References (Microindel_idMicroindel, References_idReferences)
VALUES ("69", "1");
INSERT INTO Microindel_has_References (Microindel_idMicroindel, References_idReferences)
VALUES ("70", "1");
INSERT INTO Microindel_has_References (Microindel_idMicroindel, References_idReferences)
VALUES ("71", "1");
INSERT INTO Microindel_has_References (Microindel_idMicroindel, References_idReferences)
VALUES ("72", "1");
INSERT INTO Microindel_has_References (Microindel_idMicroindel, References_idReferences)
VALUES ("72", "1");
INSERT INTO Microindel_has_References (Microindel_idMicroindel, References_idReferences)
VALUES ("73", "1");
INSERT INTO Microindel_has_References (Microindel_idMicroindel, References_idReferences)
VALUES ("74", "1");
INSERT INTO Microindel_has_References (Microindel_idMicroindel, References_idReferences)
VALUES ("75", "1");
INSERT INTO Microindel_has_References (Microindel_idMicroindel, References_idReferences)
VALUES ("75", "1");
INSERT INTO Microindel_has_References (Microindel_idMicroindel, References_idReferences)
VALUES ("75", "1");
INSERT INTO Microindel_has_References (Microindel_idMicroindel, References_idReferences)
VALUES ("75", "1");
INSERT INTO Microindel_has_References (Microindel_idMicroindel, References_idReferences)
VALUES ("76", "1");
INSERT INTO Microindel_has_References (Microindel_idMicroindel, References_idReferences)
VALUES ("77", "1");
INSERT INTO Microindel_has_References (Microindel_idMicroindel, References_idReferences)
VALUES ("77", "1");
INSERT INTO Microindel_has_References (Microindel_idMicroindel, References_idReferences)
VALUES ("78", "1");
INSERT INTO Microindel_has_References (Microindel_idMicroindel, References_idReferences)
VALUES ("79", "1");
INSERT INTO Microindel_has_References (Microindel_idMicroindel, References_idReferences)
VALUES ("80", "1");
INSERT INTO Microindel_has_References (Microindel_idMicroindel, References_idReferences)
VALUES ("80", "1");
INSERT INTO Microindel_has_References (Microindel_idMicroindel, References_idReferences)
VALUES ("81", "1");
INSERT INTO Microindel_has_References (Microindel_idMicroindel, References_idReferences)
VALUES ("82", "1");
INSERT INTO Microindel_has_References (Microindel_idMicroindel, References_idReferences)
VALUES ("83", "1");
INSERT INTO Microindel_has_References (Microindel_idMicroindel, References_idReferences)
VALUES ("84", "1");
INSERT INTO Microindel_has_References (Microindel_idMicroindel, References_idReferences)
VALUES ("85", "1");
INSERT INTO Microindel_has_References (Microindel_idMicroindel, References_idReferences)
VALUES ("86", "1");
INSERT INTO Microindel_has_References (Microindel_idMicroindel, References_idReferences)
VALUES ("86", "1");
INSERT INTO Microindel_has_References (Microindel_idMicroindel, References_idReferences)
VALUES ("86", "1");
INSERT INTO Microindel_has_References (Microindel_idMicroindel, References_idReferences)
VALUES ("87", "1");
INSERT INTO Microindel_has_References (Microindel_idMicroindel, References_idReferences)
VALUES ("87", "1");
INSERT INTO Microindel_has_References (Microindel_idMicroindel, References_idReferences)
VALUES ("88", "1");
INSERT INTO Microindel_has_References (Microindel_idMicroindel, References_idReferences)
VALUES ("89", "1");
INSERT INTO Microindel_has_References (Microindel_idMicroindel, References_idReferences)
VALUES ("90", "1");
INSERT INTO Microindel_has_References (Microindel_idMicroindel, References_idReferences)
VALUES ("90", "1");
INSERT INTO Microindel_has_References (Microindel_idMicroindel, References_idReferences)
VALUES ("91", "1");
INSERT INTO Microindel_has_References (Microindel_idMicroindel, References_idReferences)
VALUES ("91", "1");
INSERT INTO Microindel_has_References (Microindel_idMicroindel, References_idReferences)
VALUES ("92", "1");
INSERT INTO Microindel_has_References (Microindel_idMicroindel, References_idReferences)
VALUES ("93", "1");
INSERT INTO Microindel_has_References (Microindel_idMicroindel, References_idReferences)
VALUES ("94", "1");
INSERT INTO Microindel_has_References (Microindel_idMicroindel, References_idReferences)
VALUES ("95", "1");
INSERT INTO Microindel_has_References (Microindel_idMicroindel, References_idReferences)
VALUES ("96", "1");
INSERT INTO Microindel_has_References (Microindel_idMicroindel, References_idReferences)
VALUES ("97", "1");
INSERT INTO Microindel_has_References (Microindel_idMicroindel, References_idReferences)
VALUES ("98", "1");
INSERT INTO Microindel_has_References (Microindel_idMicroindel, References_idReferences)
VALUES ("99", "1");
INSERT INTO Microindel_has_References (Microindel_idMicroindel, References_idReferences)
VALUES ("100", "1");
INSERT INTO Microindel_has_References (Microindel_idMicroindel, References_idReferences)
VALUES ("100", "1");
INSERT INTO Microindel_has_References (Microindel_idMicroindel, References_idReferences)
VALUES ("101", "3");
INSERT INTO Microindel_has_References (Microindel_idMicroindel, References_idReferences)
VALUES ("102", "1");
INSERT INTO Microindel_has_References (Microindel_idMicroindel, References_idReferences)
VALUES ("103", "1");
INSERT INTO Microindel_has_References (Microindel_idMicroindel, References_idReferences)
VALUES ("104", "1");
INSERT INTO Microindel_has_References (Microindel_idMicroindel, References_idReferences)
VALUES ("104", "1");
INSERT INTO Microindel_has_References (Microindel_idMicroindel, References_idReferences)
VALUES ("105", "1");
INSERT INTO Microindel_has_References (Microindel_idMicroindel, References_idReferences)
VALUES ("105", "1");
INSERT INTO Microindel_has_References (Microindel_idMicroindel, References_idReferences)
VALUES ("106", "1");
INSERT INTO Microindel_has_References (Microindel_idMicroindel, References_idReferences)
VALUES ("106", "1");
INSERT INTO Microindel_has_References (Microindel_idMicroindel, References_idReferences)
VALUES ("107", "1");
INSERT INTO Microindel_has_References (Microindel_idMicroindel, References_idReferences)
VALUES ("108", "1");
INSERT INTO Microindel_has_References (Microindel_idMicroindel, References_idReferences)
VALUES ("109", "1");
INSERT INTO Microindel_has_References (Microindel_idMicroindel, References_idReferences)
VALUES ("110", "1");
INSERT INTO Microindel_has_References (Microindel_idMicroindel, References_idReferences)
VALUES ("110", "1");
INSERT INTO Microindel_has_References (Microindel_idMicroindel, References_idReferences)
VALUES ("111", "1");
INSERT INTO Microindel_has_References (Microindel_idMicroindel, References_idReferences)
VALUES ("112", "1");
INSERT INTO Microindel_has_References (Microindel_idMicroindel, References_idReferences)
VALUES ("112", "1");
INSERT INTO Microindel_has_References (Microindel_idMicroindel, References_idReferences)
VALUES ("113", "4");
INSERT INTO Microindel_has_References (Microindel_idMicroindel, References_idReferences)
VALUES ("114", "1");
INSERT INTO Microindel_has_References (Microindel_idMicroindel, References_idReferences)
VALUES ("115", "1");
INSERT INTO Microindel_has_References (Microindel_idMicroindel, References_idReferences)
VALUES ("116", "1");
INSERT INTO Microindel_has_References (Microindel_idMicroindel, References_idReferences)
VALUES ("116", "1");
INSERT INTO Microindel_has_References (Microindel_idMicroindel, References_idReferences)
VALUES ("116", "1");
INSERT INTO Microindel_has_References (Microindel_idMicroindel, References_idReferences)
VALUES ("117", "1");
INSERT INTO Microindel_has_References (Microindel_idMicroindel, References_idReferences)
VALUES ("118", "1");
INSERT INTO Microindel_has_References (Microindel_idMicroindel, References_idReferences)
VALUES ("119", "1");
INSERT INTO Microindel_has_References (Microindel_idMicroindel, References_idReferences)
VALUES ("120", "1");
INSERT INTO Microindel_has_References (Microindel_idMicroindel, References_idReferences)
VALUES ("120", "1");
INSERT INTO Microindel_has_References (Microindel_idMicroindel, References_idReferences)
VALUES ("121", "1");
INSERT INTO Microindel_has_References (Microindel_idMicroindel, References_idReferences)
VALUES ("121", "1");
INSERT INTO Microindel_has_References (Microindel_idMicroindel, References_idReferences)
VALUES ("122", "1");
INSERT INTO Microindel_has_References (Microindel_idMicroindel, References_idReferences)
VALUES ("123", "1");
INSERT INTO Microindel_has_References (Microindel_idMicroindel, References_idReferences)
VALUES ("124", "1");
INSERT INTO Microindel_has_References (Microindel_idMicroindel, References_idReferences)
VALUES ("124", "1");
INSERT INTO Microindel_has_References (Microindel_idMicroindel, References_idReferences)
VALUES ("125", "1");
INSERT INTO Microindel_has_References (Microindel_idMicroindel, References_idReferences)
VALUES ("126", "1");
INSERT INTO Microindel_has_References (Microindel_idMicroindel, References_idReferences)
VALUES ("126", "1");
INSERT INTO Microindel_has_References (Microindel_idMicroindel, References_idReferences)
VALUES ("127", "1");
INSERT INTO Microindel_has_References (Microindel_idMicroindel, References_idReferences)
VALUES ("128", "1");
INSERT INTO Microindel_has_References (Microindel_idMicroindel, References_idReferences)
VALUES ("129", "1");
INSERT INTO Microindel_has_References (Microindel_idMicroindel, References_idReferences)
VALUES ("130", "1");
INSERT INTO Microindel_has_References (Microindel_idMicroindel, References_idReferences)
VALUES ("131", "1");
INSERT INTO Microindel_has_References (Microindel_idMicroindel, References_idReferences)
VALUES ("132", "1");
INSERT INTO Microindel_has_References (Microindel_idMicroindel, References_idReferences)
VALUES ("133", "1");
INSERT INTO Microindel_has_References (Microindel_idMicroindel, References_idReferences)
VALUES ("134", "4");
INSERT INTO Microindel_has_References (Microindel_idMicroindel, References_idReferences)
VALUES ("135", "1");
INSERT INTO Microindel_has_References (Microindel_idMicroindel, References_idReferences)
VALUES ("136", "1");
INSERT INTO Microindel_has_References (Microindel_idMicroindel, References_idReferences)
VALUES ("136", "1");
INSERT INTO Microindel_has_References (Microindel_idMicroindel, References_idReferences)
VALUES ("137", "1");
INSERT INTO Microindel_has_References (Microindel_idMicroindel, References_idReferences)
VALUES ("137", "1");
INSERT INTO Microindel_has_References (Microindel_idMicroindel, References_idReferences)
VALUES ("138", "5");
INSERT INTO Microindel_has_References (Microindel_idMicroindel, References_idReferences)
VALUES ("139", "1");
INSERT INTO Microindel_has_References (Microindel_idMicroindel, References_idReferences)
VALUES ("140", "1");
INSERT INTO Microindel_has_References (Microindel_idMicroindel, References_idReferences)
VALUES ("140", "1");
INSERT INTO Microindel_has_References (Microindel_idMicroindel, References_idReferences)
VALUES ("141", "1");
INSERT INTO Microindel_has_References (Microindel_idMicroindel, References_idReferences)
VALUES ("142", "1");
INSERT INTO Microindel_has_References (Microindel_idMicroindel, References_idReferences)
VALUES ("143", "1");
INSERT INTO Microindel_has_References (Microindel_idMicroindel, References_idReferences)
VALUES ("144", "1");
INSERT INTO Microindel_has_References (Microindel_idMicroindel, References_idReferences)
VALUES ("144", "1");
INSERT INTO Microindel_has_References (Microindel_idMicroindel, References_idReferences)
VALUES ("145", "1");
INSERT INTO Microindel_has_References (Microindel_idMicroindel, References_idReferences)
VALUES ("146", "1");
INSERT INTO Microindel_has_References (Microindel_idMicroindel, References_idReferences)
VALUES ("146", "1");
INSERT INTO Microindel_has_References (Microindel_idMicroindel, References_idReferences)
VALUES ("147", "1");
INSERT INTO Microindel_has_References (Microindel_idMicroindel, References_idReferences)
VALUES ("148", "1");
INSERT INTO Microindel_has_References (Microindel_idMicroindel, References_idReferences)
VALUES ("149", "1");
INSERT INTO Microindel_has_References (Microindel_idMicroindel, References_idReferences)
VALUES ("149", "1");
INSERT INTO Microindel_has_References (Microindel_idMicroindel, References_idReferences)
VALUES ("149", "1");
INSERT INTO Microindel_has_References (Microindel_idMicroindel, References_idReferences)
VALUES ("149", "1");
INSERT INTO Microindel_has_References (Microindel_idMicroindel, References_idReferences)
VALUES ("150", "1");
INSERT INTO Microindel_has_References (Microindel_idMicroindel, References_idReferences)
VALUES ("150", "1");
INSERT INTO Microindel_has_References (Microindel_idMicroindel, References_idReferences)
VALUES ("151", "1");
INSERT INTO Microindel_has_References (Microindel_idMicroindel, References_idReferences)
VALUES ("152", "1");
INSERT INTO Microindel_has_References (Microindel_idMicroindel, References_idReferences)
VALUES ("153", "1");
INSERT INTO Microindel_has_References (Microindel_idMicroindel, References_idReferences)
VALUES ("154", "1");
INSERT INTO Microindel_has_References (Microindel_idMicroindel, References_idReferences)
VALUES ("155", "1");
INSERT INTO Microindel_has_References (Microindel_idMicroindel, References_idReferences)
VALUES ("155", "1");
INSERT INTO Microindel_has_References (Microindel_idMicroindel, References_idReferences)
VALUES ("156", "1");
INSERT INTO Microindel_has_References (Microindel_idMicroindel, References_idReferences)
VALUES ("156", "1");
INSERT INTO Microindel_has_References (Microindel_idMicroindel, References_idReferences)
VALUES ("157", "1");
INSERT INTO Microindel_has_References (Microindel_idMicroindel, References_idReferences)
VALUES ("158", "1");
INSERT INTO Microindel_has_References (Microindel_idMicroindel, References_idReferences)
VALUES ("159", "1");
INSERT INTO Microindel_has_References (Microindel_idMicroindel, References_idReferences)
VALUES ("160", "1");
INSERT INTO Microindel_has_References (Microindel_idMicroindel, References_idReferences)
VALUES ("161", "1");
INSERT INTO Microindel_has_References (Microindel_idMicroindel, References_idReferences)
VALUES ("161", "1");
INSERT INTO Microindel_has_References (Microindel_idMicroindel, References_idReferences)
VALUES ("162", "1");
INSERT INTO Microindel_has_References (Microindel_idMicroindel, References_idReferences)
VALUES ("163", "1");
INSERT INTO Microindel_has_References (Microindel_idMicroindel, References_idReferences)
VALUES ("163", "1");
INSERT INTO Microindel_has_References (Microindel_idMicroindel, References_idReferences)
VALUES ("163", "1");
INSERT INTO Microindel_has_References (Microindel_idMicroindel, References_idReferences)
VALUES ("164", "1");
INSERT INTO Microindel_has_References (Microindel_idMicroindel, References_idReferences)
VALUES ("164", "1");
INSERT INTO Microindel_has_References (Microindel_idMicroindel, References_idReferences)
VALUES ("164", "1");
INSERT INTO Microindel_has_References (Microindel_idMicroindel, References_idReferences)
VALUES ("165", "1");
INSERT INTO Microindel_has_References (Microindel_idMicroindel, References_idReferences)
VALUES ("165", "1");
INSERT INTO Microindel_has_References (Microindel_idMicroindel, References_idReferences)
VALUES ("165", "1");
INSERT INTO Microindel_has_References (Microindel_idMicroindel, References_idReferences)
VALUES ("165", "1");
INSERT INTO Microindel_has_References (Microindel_idMicroindel, References_idReferences)
VALUES ("165", "1");
INSERT INTO Microindel_has_References (Microindel_idMicroindel, References_idReferences)
VALUES ("165", "1");
INSERT INTO Microindel_has_References (Microindel_idMicroindel, References_idReferences)
VALUES ("165", "1");
INSERT INTO Microindel_has_References (Microindel_idMicroindel, References_idReferences)
VALUES ("165", "1");
INSERT INTO Microindel_has_References (Microindel_idMicroindel, References_idReferences)
VALUES ("165", "1");
INSERT INTO Microindel_has_References (Microindel_idMicroindel, References_idReferences)
VALUES ("165", "1");
INSERT INTO Microindel_has_References (Microindel_idMicroindel, References_idReferences)
VALUES ("165", "1");
INSERT INTO Microindel_has_References (Microindel_idMicroindel, References_idReferences)
VALUES ("165", "1");
INSERT INTO Microindel_has_References (Microindel_idMicroindel, References_idReferences)
VALUES ("165", "1");
INSERT INTO Microindel_has_References (Microindel_idMicroindel, References_idReferences)
VALUES ("165", "1");
INSERT INTO Microindel_has_References (Microindel_idMicroindel, References_idReferences)
VALUES ("165", "1");
INSERT INTO Microindel_has_References (Microindel_idMicroindel, References_idReferences)
VALUES ("165", "1");
INSERT INTO Microindel_has_References (Microindel_idMicroindel, References_idReferences)
VALUES ("165", "1");
INSERT INTO Microindel_has_References (Microindel_idMicroindel, References_idReferences)
VALUES ("165", "1");
INSERT INTO Microindel_has_References (Microindel_idMicroindel, References_idReferences)
VALUES ("165", "1");
INSERT INTO Microindel_has_References (Microindel_idMicroindel, References_idReferences)
VALUES ("165", "1");
INSERT INTO Microindel_has_References (Microindel_idMicroindel, References_idReferences)
VALUES ("166", "1");
INSERT INTO Microindel_has_References (Microindel_idMicroindel, References_idReferences)
VALUES ("166", "1");
INSERT INTO Microindel_has_References (Microindel_idMicroindel, References_idReferences)
VALUES ("167", "1");
INSERT INTO Microindel_has_References (Microindel_idMicroindel, References_idReferences)
VALUES ("167", "1");
INSERT INTO Microindel_has_References (Microindel_idMicroindel, References_idReferences)
VALUES ("167", "1");
INSERT INTO Microindel_has_References (Microindel_idMicroindel, References_idReferences)
VALUES ("168", "1");
INSERT INTO Microindel_has_References (Microindel_idMicroindel, References_idReferences)
VALUES ("169", "1");
INSERT INTO Microindel_has_References (Microindel_idMicroindel, References_idReferences)
VALUES ("170", "1");
INSERT INTO Microindel_has_References (Microindel_idMicroindel, References_idReferences)
VALUES ("171", "1");
INSERT INTO Microindel_has_References (Microindel_idMicroindel, References_idReferences)
VALUES ("172", "1");
INSERT INTO Microindel_has_References (Microindel_idMicroindel, References_idReferences)
VALUES ("173", "1");
INSERT INTO Microindel_has_References (Microindel_idMicroindel, References_idReferences)
VALUES ("174", "1");
INSERT INTO Microindel_has_References (Microindel_idMicroindel, References_idReferences)
VALUES ("175", "1");
INSERT INTO Microindel_has_References (Microindel_idMicroindel, References_idReferences)
VALUES ("176", "1");
INSERT INTO Microindel_has_References (Microindel_idMicroindel, References_idReferences)
VALUES ("177", "1");
INSERT INTO Microindel_has_References (Microindel_idMicroindel, References_idReferences)
VALUES ("178", "1");
INSERT INTO Microindel_has_References (Microindel_idMicroindel, References_idReferences)
VALUES ("179", "1");
INSERT INTO Microindel_has_References (Microindel_idMicroindel, References_idReferences)
VALUES ("180", "1");
INSERT INTO Microindel_has_References (Microindel_idMicroindel, References_idReferences)
VALUES ("180", "1");
INSERT INTO Microindel_has_References (Microindel_idMicroindel, References_idReferences)
VALUES ("181", "1");
INSERT INTO Microindel_has_References (Microindel_idMicroindel, References_idReferences)
VALUES ("181", "1");
INSERT INTO Microindel_has_References (Microindel_idMicroindel, References_idReferences)
VALUES ("182", "6");
INSERT INTO Microindel_has_References (Microindel_idMicroindel, References_idReferences)
VALUES ("183", "1");
INSERT INTO Microindel_has_References (Microindel_idMicroindel, References_idReferences)
VALUES ("184", "1");
INSERT INTO Microindel_has_References (Microindel_idMicroindel, References_idReferences)
VALUES ("185", "1");
INSERT INTO Microindel_has_References (Microindel_idMicroindel, References_idReferences)
VALUES ("186", "1");
INSERT INTO Microindel_has_References (Microindel_idMicroindel, References_idReferences)
VALUES ("187", "1");
INSERT INTO Microindel_has_References (Microindel_idMicroindel, References_idReferences)
VALUES ("188", "1");
INSERT INTO Microindel_has_References (Microindel_idMicroindel, References_idReferences)
VALUES ("188", "1");
INSERT INTO Microindel_has_References (Microindel_idMicroindel, References_idReferences)
VALUES ("189", "10");
INSERT INTO Microindel_has_References (Microindel_idMicroindel, References_idReferences)
VALUES ("189", "7");
INSERT INTO Microindel_has_References (Microindel_idMicroindel, References_idReferences)
VALUES ("189", "8");
INSERT INTO Microindel_has_References (Microindel_idMicroindel, References_idReferences)
VALUES ("189", "9");
INSERT INTO Microindel_has_References (Microindel_idMicroindel, References_idReferences)
VALUES ("190", "1");
INSERT INTO Microindel_has_References (Microindel_idMicroindel, References_idReferences)
VALUES ("190", "1");
INSERT INTO Microindel_has_References (Microindel_idMicroindel, References_idReferences)
VALUES ("191", "1");
INSERT INTO Microindel_has_References (Microindel_idMicroindel, References_idReferences)
VALUES ("192", "1");
INSERT INTO Microindel_has_References (Microindel_idMicroindel, References_idReferences)
VALUES ("193", "1");
INSERT INTO Microindel_has_References (Microindel_idMicroindel, References_idReferences)
VALUES ("194", "9");
INSERT INTO Microindel_has_References (Microindel_idMicroindel, References_idReferences)
VALUES ("195", "11");
INSERT INTO Microindel_has_References (Microindel_idMicroindel, References_idReferences)
VALUES ("196", "1");
INSERT INTO Microindel_has_References (Microindel_idMicroindel, References_idReferences)
VALUES ("196", "1");
INSERT INTO Microindel_has_References (Microindel_idMicroindel, References_idReferences)
VALUES ("197", "1");
INSERT INTO Microindel_has_References (Microindel_idMicroindel, References_idReferences)
VALUES ("198", "13");
INSERT INTO Microindel_has_References (Microindel_idMicroindel, References_idReferences)
VALUES ("198", "12");
INSERT INTO Microindel_has_References (Microindel_idMicroindel, References_idReferences)
VALUES ("199", "1");
INSERT INTO Microindel_has_References (Microindel_idMicroindel, References_idReferences)
VALUES ("200", "14");
INSERT INTO Microindel_has_References (Microindel_idMicroindel, References_idReferences)
VALUES ("201", "14");
INSERT INTO Microindel_has_References (Microindel_idMicroindel, References_idReferences)
VALUES ("202", "15");
INSERT INTO Microindel_has_References (Microindel_idMicroindel, References_idReferences)
VALUES ("203", "1");
INSERT INTO Microindel_has_References (Microindel_idMicroindel, References_idReferences)
VALUES ("204", "1");
INSERT INTO Microindel_has_References (Microindel_idMicroindel, References_idReferences)
VALUES ("205", "1");
INSERT INTO Microindel_has_References (Microindel_idMicroindel, References_idReferences)
VALUES ("206", "16");
INSERT INTO Microindel_has_References (Microindel_idMicroindel, References_idReferences)
VALUES ("207", "16");
INSERT INTO Microindel_has_References (Microindel_idMicroindel, References_idReferences)
VALUES ("208", "1");
INSERT INTO Microindel_has_ClinicalSignificance (Microindel_idMicroindel, ClinicalSignificance_idClinicalSignificance)
VALUES ("1", "1");
INSERT INTO Microindel_has_ClinicalSignificance (Microindel_idMicroindel, ClinicalSignificance_idClinicalSignificance)
VALUES ("2", "1");
INSERT INTO Microindel_has_ClinicalSignificance (Microindel_idMicroindel, ClinicalSignificance_idClinicalSignificance)
VALUES ("3", "1");
INSERT INTO Microindel_has_ClinicalSignificance (Microindel_idMicroindel, ClinicalSignificance_idClinicalSignificance)
VALUES ("4", "1");
INSERT INTO Microindel_has_ClinicalSignificance (Microindel_idMicroindel, ClinicalSignificance_idClinicalSignificance)
VALUES ("5", "1");
INSERT INTO Microindel_has_ClinicalSignificance (Microindel_idMicroindel, ClinicalSignificance_idClinicalSignificance)
VALUES ("6", "1");
INSERT INTO Microindel_has_ClinicalSignificance (Microindel_idMicroindel, ClinicalSignificance_idClinicalSignificance)
VALUES ("7", "1");
INSERT INTO Microindel_has_ClinicalSignificance (Microindel_idMicroindel, ClinicalSignificance_idClinicalSignificance)
VALUES ("8", "1");
INSERT INTO Microindel_has_ClinicalSignificance (Microindel_idMicroindel, ClinicalSignificance_idClinicalSignificance)
VALUES ("9", "1");
INSERT INTO Microindel_has_ClinicalSignificance (Microindel_idMicroindel, ClinicalSignificance_idClinicalSignificance)
VALUES ("10", "1");
INSERT INTO Microindel_has_ClinicalSignificance (Microindel_idMicroindel, ClinicalSignificance_idClinicalSignificance)
VALUES ("11", "1");
INSERT INTO Microindel_has_ClinicalSignificance (Microindel_idMicroindel, ClinicalSignificance_idClinicalSignificance)
VALUES ("12", "1");
INSERT INTO Microindel_has_ClinicalSignificance (Microindel_idMicroindel, ClinicalSignificance_idClinicalSignificance)
VALUES ("13", "1");
INSERT INTO Microindel_has_ClinicalSignificance (Microindel_idMicroindel, ClinicalSignificance_idClinicalSignificance)
VALUES ("14", "2");
INSERT INTO Microindel_has_ClinicalSignificance (Microindel_idMicroindel, ClinicalSignificance_idClinicalSignificance)
VALUES ("15", "1");
INSERT INTO Microindel_has_ClinicalSignificance (Microindel_idMicroindel, ClinicalSignificance_idClinicalSignificance)
VALUES ("16", "1");
INSERT INTO Microindel_has_ClinicalSignificance (Microindel_idMicroindel, ClinicalSignificance_idClinicalSignificance)
VALUES ("17", "1");
INSERT INTO Microindel_has_ClinicalSignificance (Microindel_idMicroindel, ClinicalSignificance_idClinicalSignificance)
VALUES ("18", "1");
INSERT INTO Microindel_has_ClinicalSignificance (Microindel_idMicroindel, ClinicalSignificance_idClinicalSignificance)
VALUES ("19", "1");
INSERT INTO Microindel_has_ClinicalSignificance (Microindel_idMicroindel, ClinicalSignificance_idClinicalSignificance)
VALUES ("19", "1");
INSERT INTO Microindel_has_ClinicalSignificance (Microindel_idMicroindel, ClinicalSignificance_idClinicalSignificance)
VALUES ("19", "1");
INSERT INTO Microindel_has_ClinicalSignificance (Microindel_idMicroindel, ClinicalSignificance_idClinicalSignificance)
VALUES ("20", "1");
INSERT INTO Microindel_has_ClinicalSignificance (Microindel_idMicroindel, ClinicalSignificance_idClinicalSignificance)
VALUES ("20", "1");
INSERT INTO Microindel_has_ClinicalSignificance (Microindel_idMicroindel, ClinicalSignificance_idClinicalSignificance)
VALUES ("20", "1");
INSERT INTO Microindel_has_ClinicalSignificance (Microindel_idMicroindel, ClinicalSignificance_idClinicalSignificance)
VALUES ("21", "1");
INSERT INTO Microindel_has_ClinicalSignificance (Microindel_idMicroindel, ClinicalSignificance_idClinicalSignificance)
VALUES ("22", "1");
INSERT INTO Microindel_has_ClinicalSignificance (Microindel_idMicroindel, ClinicalSignificance_idClinicalSignificance)
VALUES ("23", "1");
INSERT INTO Microindel_has_ClinicalSignificance (Microindel_idMicroindel, ClinicalSignificance_idClinicalSignificance)
VALUES ("24", "1");
INSERT INTO Microindel_has_ClinicalSignificance (Microindel_idMicroindel, ClinicalSignificance_idClinicalSignificance)
VALUES ("25", "1");
INSERT INTO Microindel_has_ClinicalSignificance (Microindel_idMicroindel, ClinicalSignificance_idClinicalSignificance)
VALUES ("25", "1");
INSERT INTO Microindel_has_ClinicalSignificance (Microindel_idMicroindel, ClinicalSignificance_idClinicalSignificance)
VALUES ("26", "1");
INSERT INTO Microindel_has_ClinicalSignificance (Microindel_idMicroindel, ClinicalSignificance_idClinicalSignificance)
VALUES ("27", "1");
INSERT INTO Microindel_has_ClinicalSignificance (Microindel_idMicroindel, ClinicalSignificance_idClinicalSignificance)
VALUES ("28", "1");
INSERT INTO Microindel_has_ClinicalSignificance (Microindel_idMicroindel, ClinicalSignificance_idClinicalSignificance)
VALUES ("29", "1");
INSERT INTO Microindel_has_ClinicalSignificance (Microindel_idMicroindel, ClinicalSignificance_idClinicalSignificance)
VALUES ("30", "1");
INSERT INTO Microindel_has_ClinicalSignificance (Microindel_idMicroindel, ClinicalSignificance_idClinicalSignificance)
VALUES ("31", "1");
INSERT INTO Microindel_has_ClinicalSignificance (Microindel_idMicroindel, ClinicalSignificance_idClinicalSignificance)
VALUES ("31", "1");
INSERT INTO Microindel_has_ClinicalSignificance (Microindel_idMicroindel, ClinicalSignificance_idClinicalSignificance)
VALUES ("32", "1");
INSERT INTO Microindel_has_ClinicalSignificance (Microindel_idMicroindel, ClinicalSignificance_idClinicalSignificance)
VALUES ("32", "1");
INSERT INTO Microindel_has_ClinicalSignificance (Microindel_idMicroindel, ClinicalSignificance_idClinicalSignificance)
VALUES ("33", "1");
INSERT INTO Microindel_has_ClinicalSignificance (Microindel_idMicroindel, ClinicalSignificance_idClinicalSignificance)
VALUES ("34", "1");
INSERT INTO Microindel_has_ClinicalSignificance (Microindel_idMicroindel, ClinicalSignificance_idClinicalSignificance)
VALUES ("34", "1");
INSERT INTO Microindel_has_ClinicalSignificance (Microindel_idMicroindel, ClinicalSignificance_idClinicalSignificance)
VALUES ("35", "1");
INSERT INTO Microindel_has_ClinicalSignificance (Microindel_idMicroindel, ClinicalSignificance_idClinicalSignificance)
VALUES ("36", "1");
INSERT INTO Microindel_has_ClinicalSignificance (Microindel_idMicroindel, ClinicalSignificance_idClinicalSignificance)
VALUES ("36", "1");
INSERT INTO Microindel_has_ClinicalSignificance (Microindel_idMicroindel, ClinicalSignificance_idClinicalSignificance)
VALUES ("36", "1");
INSERT INTO Microindel_has_ClinicalSignificance (Microindel_idMicroindel, ClinicalSignificance_idClinicalSignificance)
VALUES ("37", "1");
INSERT INTO Microindel_has_ClinicalSignificance (Microindel_idMicroindel, ClinicalSignificance_idClinicalSignificance)
VALUES ("38", "1");
INSERT INTO Microindel_has_ClinicalSignificance (Microindel_idMicroindel, ClinicalSignificance_idClinicalSignificance)
VALUES ("39", "1");
INSERT INTO Microindel_has_ClinicalSignificance (Microindel_idMicroindel, ClinicalSignificance_idClinicalSignificance)
VALUES ("39", "1");
INSERT INTO Microindel_has_ClinicalSignificance (Microindel_idMicroindel, ClinicalSignificance_idClinicalSignificance)
VALUES ("40", "1");
INSERT INTO Microindel_has_ClinicalSignificance (Microindel_idMicroindel, ClinicalSignificance_idClinicalSignificance)
VALUES ("40", "1");
INSERT INTO Microindel_has_ClinicalSignificance (Microindel_idMicroindel, ClinicalSignificance_idClinicalSignificance)
VALUES ("41", "1");
INSERT INTO Microindel_has_ClinicalSignificance (Microindel_idMicroindel, ClinicalSignificance_idClinicalSignificance)
VALUES ("42", "1");
INSERT INTO Microindel_has_ClinicalSignificance (Microindel_idMicroindel, ClinicalSignificance_idClinicalSignificance)
VALUES ("43", "1");
INSERT INTO Microindel_has_ClinicalSignificance (Microindel_idMicroindel, ClinicalSignificance_idClinicalSignificance)
VALUES ("44", "1");
INSERT INTO Microindel_has_ClinicalSignificance (Microindel_idMicroindel, ClinicalSignificance_idClinicalSignificance)
VALUES ("44", "1");
INSERT INTO Microindel_has_ClinicalSignificance (Microindel_idMicroindel, ClinicalSignificance_idClinicalSignificance)
VALUES ("44", "1");
INSERT INTO Microindel_has_ClinicalSignificance (Microindel_idMicroindel, ClinicalSignificance_idClinicalSignificance)
VALUES ("45", "1");
INSERT INTO Microindel_has_ClinicalSignificance (Microindel_idMicroindel, ClinicalSignificance_idClinicalSignificance)
VALUES ("45", "1");
INSERT INTO Microindel_has_ClinicalSignificance (Microindel_idMicroindel, ClinicalSignificance_idClinicalSignificance)
VALUES ("46", "1");
INSERT INTO Microindel_has_ClinicalSignificance (Microindel_idMicroindel, ClinicalSignificance_idClinicalSignificance)
VALUES ("47", "1");
INSERT INTO Microindel_has_ClinicalSignificance (Microindel_idMicroindel, ClinicalSignificance_idClinicalSignificance)
VALUES ("47", "1");
INSERT INTO Microindel_has_ClinicalSignificance (Microindel_idMicroindel, ClinicalSignificance_idClinicalSignificance)
VALUES ("47", "1");
INSERT INTO Microindel_has_ClinicalSignificance (Microindel_idMicroindel, ClinicalSignificance_idClinicalSignificance)
VALUES ("48", "1");
INSERT INTO Microindel_has_ClinicalSignificance (Microindel_idMicroindel, ClinicalSignificance_idClinicalSignificance)
VALUES ("49", "1");
INSERT INTO Microindel_has_ClinicalSignificance (Microindel_idMicroindel, ClinicalSignificance_idClinicalSignificance)
VALUES ("50", "1");
INSERT INTO Microindel_has_ClinicalSignificance (Microindel_idMicroindel, ClinicalSignificance_idClinicalSignificance)
VALUES ("51", "1");
INSERT INTO Microindel_has_ClinicalSignificance (Microindel_idMicroindel, ClinicalSignificance_idClinicalSignificance)
VALUES ("51", "1");
INSERT INTO Microindel_has_ClinicalSignificance (Microindel_idMicroindel, ClinicalSignificance_idClinicalSignificance)
VALUES ("52", "1");
INSERT INTO Microindel_has_ClinicalSignificance (Microindel_idMicroindel, ClinicalSignificance_idClinicalSignificance)
VALUES ("53", "1");
INSERT INTO Microindel_has_ClinicalSignificance (Microindel_idMicroindel, ClinicalSignificance_idClinicalSignificance)
VALUES ("54", "1");
INSERT INTO Microindel_has_ClinicalSignificance (Microindel_idMicroindel, ClinicalSignificance_idClinicalSignificance)
VALUES ("54", "1");
INSERT INTO Microindel_has_ClinicalSignificance (Microindel_idMicroindel, ClinicalSignificance_idClinicalSignificance)
VALUES ("55", "1");
INSERT INTO Microindel_has_ClinicalSignificance (Microindel_idMicroindel, ClinicalSignificance_idClinicalSignificance)
VALUES ("56", "1");
INSERT INTO Microindel_has_ClinicalSignificance (Microindel_idMicroindel, ClinicalSignificance_idClinicalSignificance)
VALUES ("57", "1");
INSERT INTO Microindel_has_ClinicalSignificance (Microindel_idMicroindel, ClinicalSignificance_idClinicalSignificance)
VALUES ("58", "1");
INSERT INTO Microindel_has_ClinicalSignificance (Microindel_idMicroindel, ClinicalSignificance_idClinicalSignificance)
VALUES ("58", "1");
INSERT INTO Microindel_has_ClinicalSignificance (Microindel_idMicroindel, ClinicalSignificance_idClinicalSignificance)
VALUES ("59", "1");
INSERT INTO Microindel_has_ClinicalSignificance (Microindel_idMicroindel, ClinicalSignificance_idClinicalSignificance)
VALUES ("60", "1");
INSERT INTO Microindel_has_ClinicalSignificance (Microindel_idMicroindel, ClinicalSignificance_idClinicalSignificance)
VALUES ("61", "1");
INSERT INTO Microindel_has_ClinicalSignificance (Microindel_idMicroindel, ClinicalSignificance_idClinicalSignificance)
VALUES ("61", "1");
INSERT INTO Microindel_has_ClinicalSignificance (Microindel_idMicroindel, ClinicalSignificance_idClinicalSignificance)
VALUES ("62", "1");
INSERT INTO Microindel_has_ClinicalSignificance (Microindel_idMicroindel, ClinicalSignificance_idClinicalSignificance)
VALUES ("62", "1");
INSERT INTO Microindel_has_ClinicalSignificance (Microindel_idMicroindel, ClinicalSignificance_idClinicalSignificance)
VALUES ("63", "1");
INSERT INTO Microindel_has_ClinicalSignificance (Microindel_idMicroindel, ClinicalSignificance_idClinicalSignificance)
VALUES ("64", "1");
INSERT INTO Microindel_has_ClinicalSignificance (Microindel_idMicroindel, ClinicalSignificance_idClinicalSignificance)
VALUES ("65", "1");
INSERT INTO Microindel_has_ClinicalSignificance (Microindel_idMicroindel, ClinicalSignificance_idClinicalSignificance)
VALUES ("66", "1");
INSERT INTO Microindel_has_ClinicalSignificance (Microindel_idMicroindel, ClinicalSignificance_idClinicalSignificance)
VALUES ("67", "1");
INSERT INTO Microindel_has_ClinicalSignificance (Microindel_idMicroindel, ClinicalSignificance_idClinicalSignificance)
VALUES ("68", "1");
INSERT INTO Microindel_has_ClinicalSignificance (Microindel_idMicroindel, ClinicalSignificance_idClinicalSignificance)
VALUES ("68", "1");
INSERT INTO Microindel_has_ClinicalSignificance (Microindel_idMicroindel, ClinicalSignificance_idClinicalSignificance)
VALUES ("68", "1");
INSERT INTO Microindel_has_ClinicalSignificance (Microindel_idMicroindel, ClinicalSignificance_idClinicalSignificance)
VALUES ("69", "1");
INSERT INTO Microindel_has_ClinicalSignificance (Microindel_idMicroindel, ClinicalSignificance_idClinicalSignificance)
VALUES ("70", "1");
INSERT INTO Microindel_has_ClinicalSignificance (Microindel_idMicroindel, ClinicalSignificance_idClinicalSignificance)
VALUES ("71", "1");
INSERT INTO Microindel_has_ClinicalSignificance (Microindel_idMicroindel, ClinicalSignificance_idClinicalSignificance)
VALUES ("72", "1");
INSERT INTO Microindel_has_ClinicalSignificance (Microindel_idMicroindel, ClinicalSignificance_idClinicalSignificance)
VALUES ("72", "1");
INSERT INTO Microindel_has_ClinicalSignificance (Microindel_idMicroindel, ClinicalSignificance_idClinicalSignificance)
VALUES ("73", "1");
INSERT INTO Microindel_has_ClinicalSignificance (Microindel_idMicroindel, ClinicalSignificance_idClinicalSignificance)
VALUES ("74", "1");
INSERT INTO Microindel_has_ClinicalSignificance (Microindel_idMicroindel, ClinicalSignificance_idClinicalSignificance)
VALUES ("75", "1");
INSERT INTO Microindel_has_ClinicalSignificance (Microindel_idMicroindel, ClinicalSignificance_idClinicalSignificance)
VALUES ("75", "1");
INSERT INTO Microindel_has_ClinicalSignificance (Microindel_idMicroindel, ClinicalSignificance_idClinicalSignificance)
VALUES ("75", "1");
INSERT INTO Microindel_has_ClinicalSignificance (Microindel_idMicroindel, ClinicalSignificance_idClinicalSignificance)
VALUES ("75", "1");
INSERT INTO Microindel_has_ClinicalSignificance (Microindel_idMicroindel, ClinicalSignificance_idClinicalSignificance)
VALUES ("76", "1");
INSERT INTO Microindel_has_ClinicalSignificance (Microindel_idMicroindel, ClinicalSignificance_idClinicalSignificance)
VALUES ("77", "1");
INSERT INTO Microindel_has_ClinicalSignificance (Microindel_idMicroindel, ClinicalSignificance_idClinicalSignificance)
VALUES ("77", "1");
INSERT INTO Microindel_has_ClinicalSignificance (Microindel_idMicroindel, ClinicalSignificance_idClinicalSignificance)
VALUES ("78", "1");
INSERT INTO Microindel_has_ClinicalSignificance (Microindel_idMicroindel, ClinicalSignificance_idClinicalSignificance)
VALUES ("79", "1");
INSERT INTO Microindel_has_ClinicalSignificance (Microindel_idMicroindel, ClinicalSignificance_idClinicalSignificance)
VALUES ("80", "1");
INSERT INTO Microindel_has_ClinicalSignificance (Microindel_idMicroindel, ClinicalSignificance_idClinicalSignificance)
VALUES ("80", "1");
INSERT INTO Microindel_has_ClinicalSignificance (Microindel_idMicroindel, ClinicalSignificance_idClinicalSignificance)
VALUES ("81", "1");
INSERT INTO Microindel_has_ClinicalSignificance (Microindel_idMicroindel, ClinicalSignificance_idClinicalSignificance)
VALUES ("82", "1");
INSERT INTO Microindel_has_ClinicalSignificance (Microindel_idMicroindel, ClinicalSignificance_idClinicalSignificance)
VALUES ("83", "1");
INSERT INTO Microindel_has_ClinicalSignificance (Microindel_idMicroindel, ClinicalSignificance_idClinicalSignificance)
VALUES ("84", "1");
INSERT INTO Microindel_has_ClinicalSignificance (Microindel_idMicroindel, ClinicalSignificance_idClinicalSignificance)
VALUES ("85", "1");
INSERT INTO Microindel_has_ClinicalSignificance (Microindel_idMicroindel, ClinicalSignificance_idClinicalSignificance)
VALUES ("86", "1");
INSERT INTO Microindel_has_ClinicalSignificance (Microindel_idMicroindel, ClinicalSignificance_idClinicalSignificance)
VALUES ("86", "1");
INSERT INTO Microindel_has_ClinicalSignificance (Microindel_idMicroindel, ClinicalSignificance_idClinicalSignificance)
VALUES ("86", "1");
INSERT INTO Microindel_has_ClinicalSignificance (Microindel_idMicroindel, ClinicalSignificance_idClinicalSignificance)
VALUES ("87", "1");
INSERT INTO Microindel_has_ClinicalSignificance (Microindel_idMicroindel, ClinicalSignificance_idClinicalSignificance)
VALUES ("87", "1");
INSERT INTO Microindel_has_ClinicalSignificance (Microindel_idMicroindel, ClinicalSignificance_idClinicalSignificance)
VALUES ("88", "1");
INSERT INTO Microindel_has_ClinicalSignificance (Microindel_idMicroindel, ClinicalSignificance_idClinicalSignificance)
VALUES ("89", "1");
INSERT INTO Microindel_has_ClinicalSignificance (Microindel_idMicroindel, ClinicalSignificance_idClinicalSignificance)
VALUES ("90", "1");
INSERT INTO Microindel_has_ClinicalSignificance (Microindel_idMicroindel, ClinicalSignificance_idClinicalSignificance)
VALUES ("90", "1");
INSERT INTO Microindel_has_ClinicalSignificance (Microindel_idMicroindel, ClinicalSignificance_idClinicalSignificance)
VALUES ("91", "1");
INSERT INTO Microindel_has_ClinicalSignificance (Microindel_idMicroindel, ClinicalSignificance_idClinicalSignificance)
VALUES ("91", "1");
INSERT INTO Microindel_has_ClinicalSignificance (Microindel_idMicroindel, ClinicalSignificance_idClinicalSignificance)
VALUES ("92", "1");
INSERT INTO Microindel_has_ClinicalSignificance (Microindel_idMicroindel, ClinicalSignificance_idClinicalSignificance)
VALUES ("93", "1");
INSERT INTO Microindel_has_ClinicalSignificance (Microindel_idMicroindel, ClinicalSignificance_idClinicalSignificance)
VALUES ("94", "1");
INSERT INTO Microindel_has_ClinicalSignificance (Microindel_idMicroindel, ClinicalSignificance_idClinicalSignificance)
VALUES ("95", "1");
INSERT INTO Microindel_has_ClinicalSignificance (Microindel_idMicroindel, ClinicalSignificance_idClinicalSignificance)
VALUES ("96", "1");
INSERT INTO Microindel_has_ClinicalSignificance (Microindel_idMicroindel, ClinicalSignificance_idClinicalSignificance)
VALUES ("97", "1");
INSERT INTO Microindel_has_ClinicalSignificance (Microindel_idMicroindel, ClinicalSignificance_idClinicalSignificance)
VALUES ("98", "1");
INSERT INTO Microindel_has_ClinicalSignificance (Microindel_idMicroindel, ClinicalSignificance_idClinicalSignificance)
VALUES ("99", "1");
INSERT INTO Microindel_has_ClinicalSignificance (Microindel_idMicroindel, ClinicalSignificance_idClinicalSignificance)
VALUES ("100", "1");
INSERT INTO Microindel_has_ClinicalSignificance (Microindel_idMicroindel, ClinicalSignificance_idClinicalSignificance)
VALUES ("100", "1");
INSERT INTO Microindel_has_ClinicalSignificance (Microindel_idMicroindel, ClinicalSignificance_idClinicalSignificance)
VALUES ("101", "1");
INSERT INTO Microindel_has_ClinicalSignificance (Microindel_idMicroindel, ClinicalSignificance_idClinicalSignificance)
VALUES ("101", "1");
INSERT INTO Microindel_has_ClinicalSignificance (Microindel_idMicroindel, ClinicalSignificance_idClinicalSignificance)
VALUES ("102", "1");
INSERT INTO Microindel_has_ClinicalSignificance (Microindel_idMicroindel, ClinicalSignificance_idClinicalSignificance)
VALUES ("103", "1");
INSERT INTO Microindel_has_ClinicalSignificance (Microindel_idMicroindel, ClinicalSignificance_idClinicalSignificance)
VALUES ("104", "1");
INSERT INTO Microindel_has_ClinicalSignificance (Microindel_idMicroindel, ClinicalSignificance_idClinicalSignificance)
VALUES ("104", "1");
INSERT INTO Microindel_has_ClinicalSignificance (Microindel_idMicroindel, ClinicalSignificance_idClinicalSignificance)
VALUES ("105", "1");
INSERT INTO Microindel_has_ClinicalSignificance (Microindel_idMicroindel, ClinicalSignificance_idClinicalSignificance)
VALUES ("105", "1");
INSERT INTO Microindel_has_ClinicalSignificance (Microindel_idMicroindel, ClinicalSignificance_idClinicalSignificance)
VALUES ("106", "1");
INSERT INTO Microindel_has_ClinicalSignificance (Microindel_idMicroindel, ClinicalSignificance_idClinicalSignificance)
VALUES ("106", "1");
INSERT INTO Microindel_has_ClinicalSignificance (Microindel_idMicroindel, ClinicalSignificance_idClinicalSignificance)
VALUES ("107", "1");
INSERT INTO Microindel_has_ClinicalSignificance (Microindel_idMicroindel, ClinicalSignificance_idClinicalSignificance)
VALUES ("108", "1");
INSERT INTO Microindel_has_ClinicalSignificance (Microindel_idMicroindel, ClinicalSignificance_idClinicalSignificance)
VALUES ("109", "1");
INSERT INTO Microindel_has_ClinicalSignificance (Microindel_idMicroindel, ClinicalSignificance_idClinicalSignificance)
VALUES ("110", "1");
INSERT INTO Microindel_has_ClinicalSignificance (Microindel_idMicroindel, ClinicalSignificance_idClinicalSignificance)
VALUES ("110", "1");
INSERT INTO Microindel_has_ClinicalSignificance (Microindel_idMicroindel, ClinicalSignificance_idClinicalSignificance)
VALUES ("111", "1");
INSERT INTO Microindel_has_ClinicalSignificance (Microindel_idMicroindel, ClinicalSignificance_idClinicalSignificance)
VALUES ("112", "1");
INSERT INTO Microindel_has_ClinicalSignificance (Microindel_idMicroindel, ClinicalSignificance_idClinicalSignificance)
VALUES ("112", "1");
INSERT INTO Microindel_has_ClinicalSignificance (Microindel_idMicroindel, ClinicalSignificance_idClinicalSignificance)
VALUES ("113", "1");
INSERT INTO Microindel_has_ClinicalSignificance (Microindel_idMicroindel, ClinicalSignificance_idClinicalSignificance)
VALUES ("114", "1");
INSERT INTO Microindel_has_ClinicalSignificance (Microindel_idMicroindel, ClinicalSignificance_idClinicalSignificance)
VALUES ("115", "1");
INSERT INTO Microindel_has_ClinicalSignificance (Microindel_idMicroindel, ClinicalSignificance_idClinicalSignificance)
VALUES ("116", "1");
INSERT INTO Microindel_has_ClinicalSignificance (Microindel_idMicroindel, ClinicalSignificance_idClinicalSignificance)
VALUES ("116", "1");
INSERT INTO Microindel_has_ClinicalSignificance (Microindel_idMicroindel, ClinicalSignificance_idClinicalSignificance)
VALUES ("116", "1");
INSERT INTO Microindel_has_ClinicalSignificance (Microindel_idMicroindel, ClinicalSignificance_idClinicalSignificance)
VALUES ("117", "1");
INSERT INTO Microindel_has_ClinicalSignificance (Microindel_idMicroindel, ClinicalSignificance_idClinicalSignificance)
VALUES ("118", "1");
INSERT INTO Microindel_has_ClinicalSignificance (Microindel_idMicroindel, ClinicalSignificance_idClinicalSignificance)
VALUES ("119", "1");
INSERT INTO Microindel_has_ClinicalSignificance (Microindel_idMicroindel, ClinicalSignificance_idClinicalSignificance)
VALUES ("120", "1");
INSERT INTO Microindel_has_ClinicalSignificance (Microindel_idMicroindel, ClinicalSignificance_idClinicalSignificance)
VALUES ("120", "1");
INSERT INTO Microindel_has_ClinicalSignificance (Microindel_idMicroindel, ClinicalSignificance_idClinicalSignificance)
VALUES ("121", "1");
INSERT INTO Microindel_has_ClinicalSignificance (Microindel_idMicroindel, ClinicalSignificance_idClinicalSignificance)
VALUES ("121", "1");
INSERT INTO Microindel_has_ClinicalSignificance (Microindel_idMicroindel, ClinicalSignificance_idClinicalSignificance)
VALUES ("122", "1");
INSERT INTO Microindel_has_ClinicalSignificance (Microindel_idMicroindel, ClinicalSignificance_idClinicalSignificance)
VALUES ("123", "1");
INSERT INTO Microindel_has_ClinicalSignificance (Microindel_idMicroindel, ClinicalSignificance_idClinicalSignificance)
VALUES ("124", "1");
INSERT INTO Microindel_has_ClinicalSignificance (Microindel_idMicroindel, ClinicalSignificance_idClinicalSignificance)
VALUES ("124", "1");
INSERT INTO Microindel_has_ClinicalSignificance (Microindel_idMicroindel, ClinicalSignificance_idClinicalSignificance)
VALUES ("125", "1");
INSERT INTO Microindel_has_ClinicalSignificance (Microindel_idMicroindel, ClinicalSignificance_idClinicalSignificance)
VALUES ("126", "1");
INSERT INTO Microindel_has_ClinicalSignificance (Microindel_idMicroindel, ClinicalSignificance_idClinicalSignificance)
VALUES ("126", "1");
INSERT INTO Microindel_has_ClinicalSignificance (Microindel_idMicroindel, ClinicalSignificance_idClinicalSignificance)
VALUES ("127", "1");
INSERT INTO Microindel_has_ClinicalSignificance (Microindel_idMicroindel, ClinicalSignificance_idClinicalSignificance)
VALUES ("128", "1");
INSERT INTO Microindel_has_ClinicalSignificance (Microindel_idMicroindel, ClinicalSignificance_idClinicalSignificance)
VALUES ("129", "1");
INSERT INTO Microindel_has_ClinicalSignificance (Microindel_idMicroindel, ClinicalSignificance_idClinicalSignificance)
VALUES ("130", "1");
INSERT INTO Microindel_has_ClinicalSignificance (Microindel_idMicroindel, ClinicalSignificance_idClinicalSignificance)
VALUES ("131", "1");
INSERT INTO Microindel_has_ClinicalSignificance (Microindel_idMicroindel, ClinicalSignificance_idClinicalSignificance)
VALUES ("132", "1");
INSERT INTO Microindel_has_ClinicalSignificance (Microindel_idMicroindel, ClinicalSignificance_idClinicalSignificance)
VALUES ("133", "1");
INSERT INTO Microindel_has_ClinicalSignificance (Microindel_idMicroindel, ClinicalSignificance_idClinicalSignificance)
VALUES ("134", "1");
INSERT INTO Microindel_has_ClinicalSignificance (Microindel_idMicroindel, ClinicalSignificance_idClinicalSignificance)
VALUES ("135", "1");
INSERT INTO Microindel_has_ClinicalSignificance (Microindel_idMicroindel, ClinicalSignificance_idClinicalSignificance)
VALUES ("136", "1");
INSERT INTO Microindel_has_ClinicalSignificance (Microindel_idMicroindel, ClinicalSignificance_idClinicalSignificance)
VALUES ("136", "1");
INSERT INTO Microindel_has_ClinicalSignificance (Microindel_idMicroindel, ClinicalSignificance_idClinicalSignificance)
VALUES ("137", "1");
INSERT INTO Microindel_has_ClinicalSignificance (Microindel_idMicroindel, ClinicalSignificance_idClinicalSignificance)
VALUES ("137", "1");
INSERT INTO Microindel_has_ClinicalSignificance (Microindel_idMicroindel, ClinicalSignificance_idClinicalSignificance)
VALUES ("138", "1");
INSERT INTO Microindel_has_ClinicalSignificance (Microindel_idMicroindel, ClinicalSignificance_idClinicalSignificance)
VALUES ("138", "1");
INSERT INTO Microindel_has_ClinicalSignificance (Microindel_idMicroindel, ClinicalSignificance_idClinicalSignificance)
VALUES ("139", "1");
INSERT INTO Microindel_has_ClinicalSignificance (Microindel_idMicroindel, ClinicalSignificance_idClinicalSignificance)
VALUES ("140", "1");
INSERT INTO Microindel_has_ClinicalSignificance (Microindel_idMicroindel, ClinicalSignificance_idClinicalSignificance)
VALUES ("140", "1");
INSERT INTO Microindel_has_ClinicalSignificance (Microindel_idMicroindel, ClinicalSignificance_idClinicalSignificance)
VALUES ("141", "1");
INSERT INTO Microindel_has_ClinicalSignificance (Microindel_idMicroindel, ClinicalSignificance_idClinicalSignificance)
VALUES ("142", "1");
INSERT INTO Microindel_has_ClinicalSignificance (Microindel_idMicroindel, ClinicalSignificance_idClinicalSignificance)
VALUES ("143", "1");
INSERT INTO Microindel_has_ClinicalSignificance (Microindel_idMicroindel, ClinicalSignificance_idClinicalSignificance)
VALUES ("144", "1");
INSERT INTO Microindel_has_ClinicalSignificance (Microindel_idMicroindel, ClinicalSignificance_idClinicalSignificance)
VALUES ("144", "1");
INSERT INTO Microindel_has_ClinicalSignificance (Microindel_idMicroindel, ClinicalSignificance_idClinicalSignificance)
VALUES ("145", "1");
INSERT INTO Microindel_has_ClinicalSignificance (Microindel_idMicroindel, ClinicalSignificance_idClinicalSignificance)
VALUES ("146", "1");
INSERT INTO Microindel_has_ClinicalSignificance (Microindel_idMicroindel, ClinicalSignificance_idClinicalSignificance)
VALUES ("146", "1");
INSERT INTO Microindel_has_ClinicalSignificance (Microindel_idMicroindel, ClinicalSignificance_idClinicalSignificance)
VALUES ("147", "1");
INSERT INTO Microindel_has_ClinicalSignificance (Microindel_idMicroindel, ClinicalSignificance_idClinicalSignificance)
VALUES ("148", "1");
INSERT INTO Microindel_has_ClinicalSignificance (Microindel_idMicroindel, ClinicalSignificance_idClinicalSignificance)
VALUES ("149", "1");
INSERT INTO Microindel_has_ClinicalSignificance (Microindel_idMicroindel, ClinicalSignificance_idClinicalSignificance)
VALUES ("149", "1");
INSERT INTO Microindel_has_ClinicalSignificance (Microindel_idMicroindel, ClinicalSignificance_idClinicalSignificance)
VALUES ("149", "1");
INSERT INTO Microindel_has_ClinicalSignificance (Microindel_idMicroindel, ClinicalSignificance_idClinicalSignificance)
VALUES ("149", "1");
INSERT INTO Microindel_has_ClinicalSignificance (Microindel_idMicroindel, ClinicalSignificance_idClinicalSignificance)
VALUES ("150", "1");
INSERT INTO Microindel_has_ClinicalSignificance (Microindel_idMicroindel, ClinicalSignificance_idClinicalSignificance)
VALUES ("150", "1");
INSERT INTO Microindel_has_ClinicalSignificance (Microindel_idMicroindel, ClinicalSignificance_idClinicalSignificance)
VALUES ("151", "1");
INSERT INTO Microindel_has_ClinicalSignificance (Microindel_idMicroindel, ClinicalSignificance_idClinicalSignificance)
VALUES ("152", "1");
INSERT INTO Microindel_has_ClinicalSignificance (Microindel_idMicroindel, ClinicalSignificance_idClinicalSignificance)
VALUES ("153", "1");
INSERT INTO Microindel_has_ClinicalSignificance (Microindel_idMicroindel, ClinicalSignificance_idClinicalSignificance)
VALUES ("154", "1");
INSERT INTO Microindel_has_ClinicalSignificance (Microindel_idMicroindel, ClinicalSignificance_idClinicalSignificance)
VALUES ("155", "1");
INSERT INTO Microindel_has_ClinicalSignificance (Microindel_idMicroindel, ClinicalSignificance_idClinicalSignificance)
VALUES ("155", "1");
INSERT INTO Microindel_has_ClinicalSignificance (Microindel_idMicroindel, ClinicalSignificance_idClinicalSignificance)
VALUES ("156", "1");
INSERT INTO Microindel_has_ClinicalSignificance (Microindel_idMicroindel, ClinicalSignificance_idClinicalSignificance)
VALUES ("156", "1");
INSERT INTO Microindel_has_ClinicalSignificance (Microindel_idMicroindel, ClinicalSignificance_idClinicalSignificance)
VALUES ("157", "1");
INSERT INTO Microindel_has_ClinicalSignificance (Microindel_idMicroindel, ClinicalSignificance_idClinicalSignificance)
VALUES ("158", "1");
INSERT INTO Microindel_has_ClinicalSignificance (Microindel_idMicroindel, ClinicalSignificance_idClinicalSignificance)
VALUES ("159", "1");
INSERT INTO Microindel_has_ClinicalSignificance (Microindel_idMicroindel, ClinicalSignificance_idClinicalSignificance)
VALUES ("160", "1");
INSERT INTO Microindel_has_ClinicalSignificance (Microindel_idMicroindel, ClinicalSignificance_idClinicalSignificance)
VALUES ("161", "1");
INSERT INTO Microindel_has_ClinicalSignificance (Microindel_idMicroindel, ClinicalSignificance_idClinicalSignificance)
VALUES ("161", "1");
INSERT INTO Microindel_has_ClinicalSignificance (Microindel_idMicroindel, ClinicalSignificance_idClinicalSignificance)
VALUES ("162", "1");
INSERT INTO Microindel_has_ClinicalSignificance (Microindel_idMicroindel, ClinicalSignificance_idClinicalSignificance)
VALUES ("163", "1");
INSERT INTO Microindel_has_ClinicalSignificance (Microindel_idMicroindel, ClinicalSignificance_idClinicalSignificance)
VALUES ("163", "1");
INSERT INTO Microindel_has_ClinicalSignificance (Microindel_idMicroindel, ClinicalSignificance_idClinicalSignificance)
VALUES ("163", "1");
INSERT INTO Microindel_has_ClinicalSignificance (Microindel_idMicroindel, ClinicalSignificance_idClinicalSignificance)
VALUES ("164", "1");
INSERT INTO Microindel_has_ClinicalSignificance (Microindel_idMicroindel, ClinicalSignificance_idClinicalSignificance)
VALUES ("164", "1");
INSERT INTO Microindel_has_ClinicalSignificance (Microindel_idMicroindel, ClinicalSignificance_idClinicalSignificance)
VALUES ("164", "1");
INSERT INTO Microindel_has_ClinicalSignificance (Microindel_idMicroindel, ClinicalSignificance_idClinicalSignificance)
VALUES ("165", "1");
INSERT INTO Microindel_has_ClinicalSignificance (Microindel_idMicroindel, ClinicalSignificance_idClinicalSignificance)
VALUES ("165", "1");
INSERT INTO Microindel_has_ClinicalSignificance (Microindel_idMicroindel, ClinicalSignificance_idClinicalSignificance)
VALUES ("165", "1");
INSERT INTO Microindel_has_ClinicalSignificance (Microindel_idMicroindel, ClinicalSignificance_idClinicalSignificance)
VALUES ("165", "1");
INSERT INTO Microindel_has_ClinicalSignificance (Microindel_idMicroindel, ClinicalSignificance_idClinicalSignificance)
VALUES ("165", "1");
INSERT INTO Microindel_has_ClinicalSignificance (Microindel_idMicroindel, ClinicalSignificance_idClinicalSignificance)
VALUES ("165", "1");
INSERT INTO Microindel_has_ClinicalSignificance (Microindel_idMicroindel, ClinicalSignificance_idClinicalSignificance)
VALUES ("165", "1");
INSERT INTO Microindel_has_ClinicalSignificance (Microindel_idMicroindel, ClinicalSignificance_idClinicalSignificance)
VALUES ("165", "1");
INSERT INTO Microindel_has_ClinicalSignificance (Microindel_idMicroindel, ClinicalSignificance_idClinicalSignificance)
VALUES ("165", "1");
INSERT INTO Microindel_has_ClinicalSignificance (Microindel_idMicroindel, ClinicalSignificance_idClinicalSignificance)
VALUES ("165", "1");
INSERT INTO Microindel_has_ClinicalSignificance (Microindel_idMicroindel, ClinicalSignificance_idClinicalSignificance)
VALUES ("165", "1");
INSERT INTO Microindel_has_ClinicalSignificance (Microindel_idMicroindel, ClinicalSignificance_idClinicalSignificance)
VALUES ("165", "1");
INSERT INTO Microindel_has_ClinicalSignificance (Microindel_idMicroindel, ClinicalSignificance_idClinicalSignificance)
VALUES ("165", "1");
INSERT INTO Microindel_has_ClinicalSignificance (Microindel_idMicroindel, ClinicalSignificance_idClinicalSignificance)
VALUES ("165", "1");
INSERT INTO Microindel_has_ClinicalSignificance (Microindel_idMicroindel, ClinicalSignificance_idClinicalSignificance)
VALUES ("165", "1");
INSERT INTO Microindel_has_ClinicalSignificance (Microindel_idMicroindel, ClinicalSignificance_idClinicalSignificance)
VALUES ("165", "1");
INSERT INTO Microindel_has_ClinicalSignificance (Microindel_idMicroindel, ClinicalSignificance_idClinicalSignificance)
VALUES ("165", "1");
INSERT INTO Microindel_has_ClinicalSignificance (Microindel_idMicroindel, ClinicalSignificance_idClinicalSignificance)
VALUES ("165", "1");
INSERT INTO Microindel_has_ClinicalSignificance (Microindel_idMicroindel, ClinicalSignificance_idClinicalSignificance)
VALUES ("165", "1");
INSERT INTO Microindel_has_ClinicalSignificance (Microindel_idMicroindel, ClinicalSignificance_idClinicalSignificance)
VALUES ("165", "1");
INSERT INTO Microindel_has_ClinicalSignificance (Microindel_idMicroindel, ClinicalSignificance_idClinicalSignificance)
VALUES ("166", "1");
INSERT INTO Microindel_has_ClinicalSignificance (Microindel_idMicroindel, ClinicalSignificance_idClinicalSignificance)
VALUES ("166", "1");
INSERT INTO Microindel_has_ClinicalSignificance (Microindel_idMicroindel, ClinicalSignificance_idClinicalSignificance)
VALUES ("167", "1");
INSERT INTO Microindel_has_ClinicalSignificance (Microindel_idMicroindel, ClinicalSignificance_idClinicalSignificance)
VALUES ("167", "1");
INSERT INTO Microindel_has_ClinicalSignificance (Microindel_idMicroindel, ClinicalSignificance_idClinicalSignificance)
VALUES ("167", "1");
INSERT INTO Microindel_has_ClinicalSignificance (Microindel_idMicroindel, ClinicalSignificance_idClinicalSignificance)
VALUES ("168", "1");
INSERT INTO Microindel_has_ClinicalSignificance (Microindel_idMicroindel, ClinicalSignificance_idClinicalSignificance)
VALUES ("169", "1");
INSERT INTO Microindel_has_ClinicalSignificance (Microindel_idMicroindel, ClinicalSignificance_idClinicalSignificance)
VALUES ("170", "1");
INSERT INTO Microindel_has_ClinicalSignificance (Microindel_idMicroindel, ClinicalSignificance_idClinicalSignificance)
VALUES ("171", "1");
INSERT INTO Microindel_has_ClinicalSignificance (Microindel_idMicroindel, ClinicalSignificance_idClinicalSignificance)
VALUES ("172", "1");
INSERT INTO Microindel_has_ClinicalSignificance (Microindel_idMicroindel, ClinicalSignificance_idClinicalSignificance)
VALUES ("173", "1");
INSERT INTO Microindel_has_ClinicalSignificance (Microindel_idMicroindel, ClinicalSignificance_idClinicalSignificance)
VALUES ("174", "1");
INSERT INTO Microindel_has_ClinicalSignificance (Microindel_idMicroindel, ClinicalSignificance_idClinicalSignificance)
VALUES ("175", "1");
INSERT INTO Microindel_has_ClinicalSignificance (Microindel_idMicroindel, ClinicalSignificance_idClinicalSignificance)
VALUES ("176", "1");
INSERT INTO Microindel_has_ClinicalSignificance (Microindel_idMicroindel, ClinicalSignificance_idClinicalSignificance)
VALUES ("177", "1");
INSERT INTO Microindel_has_ClinicalSignificance (Microindel_idMicroindel, ClinicalSignificance_idClinicalSignificance)
VALUES ("178", "1");
INSERT INTO Microindel_has_ClinicalSignificance (Microindel_idMicroindel, ClinicalSignificance_idClinicalSignificance)
VALUES ("179", "1");
INSERT INTO Microindel_has_ClinicalSignificance (Microindel_idMicroindel, ClinicalSignificance_idClinicalSignificance)
VALUES ("180", "1");
INSERT INTO Microindel_has_ClinicalSignificance (Microindel_idMicroindel, ClinicalSignificance_idClinicalSignificance)
VALUES ("180", "1");
INSERT INTO Microindel_has_ClinicalSignificance (Microindel_idMicroindel, ClinicalSignificance_idClinicalSignificance)
VALUES ("181", "1");
INSERT INTO Microindel_has_ClinicalSignificance (Microindel_idMicroindel, ClinicalSignificance_idClinicalSignificance)
VALUES ("181", "1");
INSERT INTO Microindel_has_ClinicalSignificance (Microindel_idMicroindel, ClinicalSignificance_idClinicalSignificance)
VALUES ("182", "1");
INSERT INTO Microindel_has_ClinicalSignificance (Microindel_idMicroindel, ClinicalSignificance_idClinicalSignificance)
VALUES ("183", "1");
INSERT INTO Microindel_has_ClinicalSignificance (Microindel_idMicroindel, ClinicalSignificance_idClinicalSignificance)
VALUES ("184", "1");
INSERT INTO Microindel_has_ClinicalSignificance (Microindel_idMicroindel, ClinicalSignificance_idClinicalSignificance)
VALUES ("185", "1");
INSERT INTO Microindel_has_ClinicalSignificance (Microindel_idMicroindel, ClinicalSignificance_idClinicalSignificance)
VALUES ("186", "1");
INSERT INTO Microindel_has_ClinicalSignificance (Microindel_idMicroindel, ClinicalSignificance_idClinicalSignificance)
VALUES ("187", "1");
INSERT INTO Microindel_has_ClinicalSignificance (Microindel_idMicroindel, ClinicalSignificance_idClinicalSignificance)
VALUES ("188", "1");
INSERT INTO Microindel_has_ClinicalSignificance (Microindel_idMicroindel, ClinicalSignificance_idClinicalSignificance)
VALUES ("188", "1");
INSERT INTO Microindel_has_ClinicalSignificance (Microindel_idMicroindel, ClinicalSignificance_idClinicalSignificance)
VALUES ("189", "1");
INSERT INTO Microindel_has_ClinicalSignificance (Microindel_idMicroindel, ClinicalSignificance_idClinicalSignificance)
VALUES ("189", "1");
INSERT INTO Microindel_has_ClinicalSignificance (Microindel_idMicroindel, ClinicalSignificance_idClinicalSignificance)
VALUES ("189", "1");
INSERT INTO Microindel_has_ClinicalSignificance (Microindel_idMicroindel, ClinicalSignificance_idClinicalSignificance)
VALUES ("189", "1");
INSERT INTO Microindel_has_ClinicalSignificance (Microindel_idMicroindel, ClinicalSignificance_idClinicalSignificance)
VALUES ("190", "1");
INSERT INTO Microindel_has_ClinicalSignificance (Microindel_idMicroindel, ClinicalSignificance_idClinicalSignificance)
VALUES ("190", "1");
INSERT INTO Microindel_has_ClinicalSignificance (Microindel_idMicroindel, ClinicalSignificance_idClinicalSignificance)
VALUES ("191", "1");
INSERT INTO Microindel_has_ClinicalSignificance (Microindel_idMicroindel, ClinicalSignificance_idClinicalSignificance)
VALUES ("192", "1");
INSERT INTO Microindel_has_ClinicalSignificance (Microindel_idMicroindel, ClinicalSignificance_idClinicalSignificance)
VALUES ("193", "1");
INSERT INTO Microindel_has_ClinicalSignificance (Microindel_idMicroindel, ClinicalSignificance_idClinicalSignificance)
VALUES ("194", "1");
INSERT INTO Microindel_has_ClinicalSignificance (Microindel_idMicroindel, ClinicalSignificance_idClinicalSignificance)
VALUES ("195", "1");
INSERT INTO Microindel_has_ClinicalSignificance (Microindel_idMicroindel, ClinicalSignificance_idClinicalSignificance)
VALUES ("196", "1");
INSERT INTO Microindel_has_ClinicalSignificance (Microindel_idMicroindel, ClinicalSignificance_idClinicalSignificance)
VALUES ("196", "1");
INSERT INTO Microindel_has_ClinicalSignificance (Microindel_idMicroindel, ClinicalSignificance_idClinicalSignificance)
VALUES ("197", "1");
INSERT INTO Microindel_has_ClinicalSignificance (Microindel_idMicroindel, ClinicalSignificance_idClinicalSignificance)
VALUES ("198", "1");
INSERT INTO Microindel_has_ClinicalSignificance (Microindel_idMicroindel, ClinicalSignificance_idClinicalSignificance)
VALUES ("199", "1");
INSERT INTO Microindel_has_ClinicalSignificance (Microindel_idMicroindel, ClinicalSignificance_idClinicalSignificance)
VALUES ("200", "1");
INSERT INTO Microindel_has_ClinicalSignificance (Microindel_idMicroindel, ClinicalSignificance_idClinicalSignificance)
VALUES ("201", "1");
INSERT INTO Microindel_has_ClinicalSignificance (Microindel_idMicroindel, ClinicalSignificance_idClinicalSignificance)
VALUES ("202", "1");
INSERT INTO Microindel_has_ClinicalSignificance (Microindel_idMicroindel, ClinicalSignificance_idClinicalSignificance)
VALUES ("203", "1");
INSERT INTO Microindel_has_ClinicalSignificance (Microindel_idMicroindel, ClinicalSignificance_idClinicalSignificance)
VALUES ("204", "1");
INSERT INTO Microindel_has_ClinicalSignificance (Microindel_idMicroindel, ClinicalSignificance_idClinicalSignificance)
VALUES ("205", "1");
INSERT INTO Microindel_has_ClinicalSignificance (Microindel_idMicroindel, ClinicalSignificance_idClinicalSignificance)
VALUES ("206", "1");
INSERT INTO Microindel_has_ClinicalSignificance (Microindel_idMicroindel, ClinicalSignificance_idClinicalSignificance)
VALUES ("207", "1");
INSERT INTO Microindel_has_ClinicalSignificance (Microindel_idMicroindel, ClinicalSignificance_idClinicalSignificance)
VALUES ("208", "1");
INSERT INTO Microindel_has_Disease (Microindel_idMicroindel, Disease_idDisease)
VALUES ("1", "1");
INSERT INTO Microindel_has_Disease (Microindel_idMicroindel, Disease_idDisease)
VALUES ("2", "1");
INSERT INTO Microindel_has_Disease (Microindel_idMicroindel, Disease_idDisease)
VALUES ("3", "1");
INSERT INTO Microindel_has_Disease (Microindel_idMicroindel, Disease_idDisease)
VALUES ("4", "1");
INSERT INTO Microindel_has_Disease (Microindel_idMicroindel, Disease_idDisease)
VALUES ("5", "1");
INSERT INTO Microindel_has_Disease (Microindel_idMicroindel, Disease_idDisease)
VALUES ("6", "1");
INSERT INTO Microindel_has_Disease (Microindel_idMicroindel, Disease_idDisease)
VALUES ("7", "1");
INSERT INTO Microindel_has_Disease (Microindel_idMicroindel, Disease_idDisease)
VALUES ("8", "1");
INSERT INTO Microindel_has_Disease (Microindel_idMicroindel, Disease_idDisease)
VALUES ("9", "1");
INSERT INTO Microindel_has_Disease (Microindel_idMicroindel, Disease_idDisease)
VALUES ("10", "1");
INSERT INTO Microindel_has_Disease (Microindel_idMicroindel, Disease_idDisease)
VALUES ("11", "1");
INSERT INTO Microindel_has_Disease (Microindel_idMicroindel, Disease_idDisease)
VALUES ("12", "1");
INSERT INTO Microindel_has_Disease (Microindel_idMicroindel, Disease_idDisease)
VALUES ("13", "1");
INSERT INTO Microindel_has_Disease (Microindel_idMicroindel, Disease_idDisease)
VALUES ("14", "2");
INSERT INTO Microindel_has_Disease (Microindel_idMicroindel, Disease_idDisease)
VALUES ("15", "1");
INSERT INTO Microindel_has_Disease (Microindel_idMicroindel, Disease_idDisease)
VALUES ("16", "1");
INSERT INTO Microindel_has_Disease (Microindel_idMicroindel, Disease_idDisease)
VALUES ("17", "1");
INSERT INTO Microindel_has_Disease (Microindel_idMicroindel, Disease_idDisease)
VALUES ("18", "1");
INSERT INTO Microindel_has_Disease (Microindel_idMicroindel, Disease_idDisease)
VALUES ("19", "1");
INSERT INTO Microindel_has_Disease (Microindel_idMicroindel, Disease_idDisease)
VALUES ("19", "1");
INSERT INTO Microindel_has_Disease (Microindel_idMicroindel, Disease_idDisease)
VALUES ("19", "1");
INSERT INTO Microindel_has_Disease (Microindel_idMicroindel, Disease_idDisease)
VALUES ("20", "1");
INSERT INTO Microindel_has_Disease (Microindel_idMicroindel, Disease_idDisease)
VALUES ("20", "1");
INSERT INTO Microindel_has_Disease (Microindel_idMicroindel, Disease_idDisease)
VALUES ("20", "1");
INSERT INTO Microindel_has_Disease (Microindel_idMicroindel, Disease_idDisease)
VALUES ("21", "1");
INSERT INTO Microindel_has_Disease (Microindel_idMicroindel, Disease_idDisease)
VALUES ("22", "1");
INSERT INTO Microindel_has_Disease (Microindel_idMicroindel, Disease_idDisease)
VALUES ("23", "1");
INSERT INTO Microindel_has_Disease (Microindel_idMicroindel, Disease_idDisease)
VALUES ("24", "1");
INSERT INTO Microindel_has_Disease (Microindel_idMicroindel, Disease_idDisease)
VALUES ("25", "1");
INSERT INTO Microindel_has_Disease (Microindel_idMicroindel, Disease_idDisease)
VALUES ("25", "1");
INSERT INTO Microindel_has_Disease (Microindel_idMicroindel, Disease_idDisease)
VALUES ("26", "1");
INSERT INTO Microindel_has_Disease (Microindel_idMicroindel, Disease_idDisease)
VALUES ("27", "1");
INSERT INTO Microindel_has_Disease (Microindel_idMicroindel, Disease_idDisease)
VALUES ("28", "1");
INSERT INTO Microindel_has_Disease (Microindel_idMicroindel, Disease_idDisease)
VALUES ("29", "1");
INSERT INTO Microindel_has_Disease (Microindel_idMicroindel, Disease_idDisease)
VALUES ("30", "1");
INSERT INTO Microindel_has_Disease (Microindel_idMicroindel, Disease_idDisease)
VALUES ("31", "1");
INSERT INTO Microindel_has_Disease (Microindel_idMicroindel, Disease_idDisease)
VALUES ("31", "1");
INSERT INTO Microindel_has_Disease (Microindel_idMicroindel, Disease_idDisease)
VALUES ("32", "1");
INSERT INTO Microindel_has_Disease (Microindel_idMicroindel, Disease_idDisease)
VALUES ("32", "1");
INSERT INTO Microindel_has_Disease (Microindel_idMicroindel, Disease_idDisease)
VALUES ("33", "1");
INSERT INTO Microindel_has_Disease (Microindel_idMicroindel, Disease_idDisease)
VALUES ("34", "1");
INSERT INTO Microindel_has_Disease (Microindel_idMicroindel, Disease_idDisease)
VALUES ("34", "1");
INSERT INTO Microindel_has_Disease (Microindel_idMicroindel, Disease_idDisease)
VALUES ("35", "1");
INSERT INTO Microindel_has_Disease (Microindel_idMicroindel, Disease_idDisease)
VALUES ("36", "1");
INSERT INTO Microindel_has_Disease (Microindel_idMicroindel, Disease_idDisease)
VALUES ("36", "1");
INSERT INTO Microindel_has_Disease (Microindel_idMicroindel, Disease_idDisease)
VALUES ("36", "1");
INSERT INTO Microindel_has_Disease (Microindel_idMicroindel, Disease_idDisease)
VALUES ("37", "1");
INSERT INTO Microindel_has_Disease (Microindel_idMicroindel, Disease_idDisease)
VALUES ("38", "1");
INSERT INTO Microindel_has_Disease (Microindel_idMicroindel, Disease_idDisease)
VALUES ("39", "1");
INSERT INTO Microindel_has_Disease (Microindel_idMicroindel, Disease_idDisease)
VALUES ("39", "1");
INSERT INTO Microindel_has_Disease (Microindel_idMicroindel, Disease_idDisease)
VALUES ("40", "1");
INSERT INTO Microindel_has_Disease (Microindel_idMicroindel, Disease_idDisease)
VALUES ("40", "1");
INSERT INTO Microindel_has_Disease (Microindel_idMicroindel, Disease_idDisease)
VALUES ("41", "1");
INSERT INTO Microindel_has_Disease (Microindel_idMicroindel, Disease_idDisease)
VALUES ("42", "1");
INSERT INTO Microindel_has_Disease (Microindel_idMicroindel, Disease_idDisease)
VALUES ("43", "1");
INSERT INTO Microindel_has_Disease (Microindel_idMicroindel, Disease_idDisease)
VALUES ("44", "1");
INSERT INTO Microindel_has_Disease (Microindel_idMicroindel, Disease_idDisease)
VALUES ("44", "1");
INSERT INTO Microindel_has_Disease (Microindel_idMicroindel, Disease_idDisease)
VALUES ("44", "1");
INSERT INTO Microindel_has_Disease (Microindel_idMicroindel, Disease_idDisease)
VALUES ("45", "1");
INSERT INTO Microindel_has_Disease (Microindel_idMicroindel, Disease_idDisease)
VALUES ("45", "1");
INSERT INTO Microindel_has_Disease (Microindel_idMicroindel, Disease_idDisease)
VALUES ("46", "1");
INSERT INTO Microindel_has_Disease (Microindel_idMicroindel, Disease_idDisease)
VALUES ("47", "1");
INSERT INTO Microindel_has_Disease (Microindel_idMicroindel, Disease_idDisease)
VALUES ("47", "1");
INSERT INTO Microindel_has_Disease (Microindel_idMicroindel, Disease_idDisease)
VALUES ("47", "1");
INSERT INTO Microindel_has_Disease (Microindel_idMicroindel, Disease_idDisease)
VALUES ("48", "1");
INSERT INTO Microindel_has_Disease (Microindel_idMicroindel, Disease_idDisease)
VALUES ("49", "1");
INSERT INTO Microindel_has_Disease (Microindel_idMicroindel, Disease_idDisease)
VALUES ("50", "1");
INSERT INTO Microindel_has_Disease (Microindel_idMicroindel, Disease_idDisease)
VALUES ("51", "1");
INSERT INTO Microindel_has_Disease (Microindel_idMicroindel, Disease_idDisease)
VALUES ("51", "1");
INSERT INTO Microindel_has_Disease (Microindel_idMicroindel, Disease_idDisease)
VALUES ("52", "1");
INSERT INTO Microindel_has_Disease (Microindel_idMicroindel, Disease_idDisease)
VALUES ("53", "1");
INSERT INTO Microindel_has_Disease (Microindel_idMicroindel, Disease_idDisease)
VALUES ("54", "1");
INSERT INTO Microindel_has_Disease (Microindel_idMicroindel, Disease_idDisease)
VALUES ("54", "1");
INSERT INTO Microindel_has_Disease (Microindel_idMicroindel, Disease_idDisease)
VALUES ("55", "1");
INSERT INTO Microindel_has_Disease (Microindel_idMicroindel, Disease_idDisease)
VALUES ("56", "1");
INSERT INTO Microindel_has_Disease (Microindel_idMicroindel, Disease_idDisease)
VALUES ("57", "1");
INSERT INTO Microindel_has_Disease (Microindel_idMicroindel, Disease_idDisease)
VALUES ("58", "1");
INSERT INTO Microindel_has_Disease (Microindel_idMicroindel, Disease_idDisease)
VALUES ("58", "1");
INSERT INTO Microindel_has_Disease (Microindel_idMicroindel, Disease_idDisease)
VALUES ("59", "1");
INSERT INTO Microindel_has_Disease (Microindel_idMicroindel, Disease_idDisease)
VALUES ("60", "1");
INSERT INTO Microindel_has_Disease (Microindel_idMicroindel, Disease_idDisease)
VALUES ("61", "1");
INSERT INTO Microindel_has_Disease (Microindel_idMicroindel, Disease_idDisease)
VALUES ("61", "1");
INSERT INTO Microindel_has_Disease (Microindel_idMicroindel, Disease_idDisease)
VALUES ("62", "1");
INSERT INTO Microindel_has_Disease (Microindel_idMicroindel, Disease_idDisease)
VALUES ("62", "1");
INSERT INTO Microindel_has_Disease (Microindel_idMicroindel, Disease_idDisease)
VALUES ("63", "1");
INSERT INTO Microindel_has_Disease (Microindel_idMicroindel, Disease_idDisease)
VALUES ("64", "1");
INSERT INTO Microindel_has_Disease (Microindel_idMicroindel, Disease_idDisease)
VALUES ("65", "1");
INSERT INTO Microindel_has_Disease (Microindel_idMicroindel, Disease_idDisease)
VALUES ("66", "1");
INSERT INTO Microindel_has_Disease (Microindel_idMicroindel, Disease_idDisease)
VALUES ("67", "1");
INSERT INTO Microindel_has_Disease (Microindel_idMicroindel, Disease_idDisease)
VALUES ("68", "1");
INSERT INTO Microindel_has_Disease (Microindel_idMicroindel, Disease_idDisease)
VALUES ("68", "1");
INSERT INTO Microindel_has_Disease (Microindel_idMicroindel, Disease_idDisease)
VALUES ("68", "1");
INSERT INTO Microindel_has_Disease (Microindel_idMicroindel, Disease_idDisease)
VALUES ("69", "1");
INSERT INTO Microindel_has_Disease (Microindel_idMicroindel, Disease_idDisease)
VALUES ("70", "1");
INSERT INTO Microindel_has_Disease (Microindel_idMicroindel, Disease_idDisease)
VALUES ("71", "1");
INSERT INTO Microindel_has_Disease (Microindel_idMicroindel, Disease_idDisease)
VALUES ("72", "1");
INSERT INTO Microindel_has_Disease (Microindel_idMicroindel, Disease_idDisease)
VALUES ("72", "1");
INSERT INTO Microindel_has_Disease (Microindel_idMicroindel, Disease_idDisease)
VALUES ("73", "1");
INSERT INTO Microindel_has_Disease (Microindel_idMicroindel, Disease_idDisease)
VALUES ("74", "1");
INSERT INTO Microindel_has_Disease (Microindel_idMicroindel, Disease_idDisease)
VALUES ("75", "1");
INSERT INTO Microindel_has_Disease (Microindel_idMicroindel, Disease_idDisease)
VALUES ("75", "1");
INSERT INTO Microindel_has_Disease (Microindel_idMicroindel, Disease_idDisease)
VALUES ("75", "1");
INSERT INTO Microindel_has_Disease (Microindel_idMicroindel, Disease_idDisease)
VALUES ("75", "1");
INSERT INTO Microindel_has_Disease (Microindel_idMicroindel, Disease_idDisease)
VALUES ("76", "1");
INSERT INTO Microindel_has_Disease (Microindel_idMicroindel, Disease_idDisease)
VALUES ("77", "1");
INSERT INTO Microindel_has_Disease (Microindel_idMicroindel, Disease_idDisease)
VALUES ("77", "1");
INSERT INTO Microindel_has_Disease (Microindel_idMicroindel, Disease_idDisease)
VALUES ("78", "1");
INSERT INTO Microindel_has_Disease (Microindel_idMicroindel, Disease_idDisease)
VALUES ("79", "1");
INSERT INTO Microindel_has_Disease (Microindel_idMicroindel, Disease_idDisease)
VALUES ("80", "1");
INSERT INTO Microindel_has_Disease (Microindel_idMicroindel, Disease_idDisease)
VALUES ("80", "1");
INSERT INTO Microindel_has_Disease (Microindel_idMicroindel, Disease_idDisease)
VALUES ("81", "1");
INSERT INTO Microindel_has_Disease (Microindel_idMicroindel, Disease_idDisease)
VALUES ("82", "1");
INSERT INTO Microindel_has_Disease (Microindel_idMicroindel, Disease_idDisease)
VALUES ("83", "1");
INSERT INTO Microindel_has_Disease (Microindel_idMicroindel, Disease_idDisease)
VALUES ("84", "1");
INSERT INTO Microindel_has_Disease (Microindel_idMicroindel, Disease_idDisease)
VALUES ("85", "1");
INSERT INTO Microindel_has_Disease (Microindel_idMicroindel, Disease_idDisease)
VALUES ("86", "1");
INSERT INTO Microindel_has_Disease (Microindel_idMicroindel, Disease_idDisease)
VALUES ("86", "1");
INSERT INTO Microindel_has_Disease (Microindel_idMicroindel, Disease_idDisease)
VALUES ("86", "1");
INSERT INTO Microindel_has_Disease (Microindel_idMicroindel, Disease_idDisease)
VALUES ("87", "1");
INSERT INTO Microindel_has_Disease (Microindel_idMicroindel, Disease_idDisease)
VALUES ("87", "1");
INSERT INTO Microindel_has_Disease (Microindel_idMicroindel, Disease_idDisease)
VALUES ("88", "1");
INSERT INTO Microindel_has_Disease (Microindel_idMicroindel, Disease_idDisease)
VALUES ("89", "1");
INSERT INTO Microindel_has_Disease (Microindel_idMicroindel, Disease_idDisease)
VALUES ("90", "1");
INSERT INTO Microindel_has_Disease (Microindel_idMicroindel, Disease_idDisease)
VALUES ("90", "1");
INSERT INTO Microindel_has_Disease (Microindel_idMicroindel, Disease_idDisease)
VALUES ("91", "1");
INSERT INTO Microindel_has_Disease (Microindel_idMicroindel, Disease_idDisease)
VALUES ("91", "1");
INSERT INTO Microindel_has_Disease (Microindel_idMicroindel, Disease_idDisease)
VALUES ("92", "1");
INSERT INTO Microindel_has_Disease (Microindel_idMicroindel, Disease_idDisease)
VALUES ("93", "1");
INSERT INTO Microindel_has_Disease (Microindel_idMicroindel, Disease_idDisease)
VALUES ("94", "1");
INSERT INTO Microindel_has_Disease (Microindel_idMicroindel, Disease_idDisease)
VALUES ("95", "1");
INSERT INTO Microindel_has_Disease (Microindel_idMicroindel, Disease_idDisease)
VALUES ("96", "1");
INSERT INTO Microindel_has_Disease (Microindel_idMicroindel, Disease_idDisease)
VALUES ("97", "1");
INSERT INTO Microindel_has_Disease (Microindel_idMicroindel, Disease_idDisease)
VALUES ("98", "1");
INSERT INTO Microindel_has_Disease (Microindel_idMicroindel, Disease_idDisease)
VALUES ("99", "1");
INSERT INTO Microindel_has_Disease (Microindel_idMicroindel, Disease_idDisease)
VALUES ("100", "1");
INSERT INTO Microindel_has_Disease (Microindel_idMicroindel, Disease_idDisease)
VALUES ("100", "1");
INSERT INTO Microindel_has_Disease (Microindel_idMicroindel, Disease_idDisease)
VALUES ("101", "1");
INSERT INTO Microindel_has_Disease (Microindel_idMicroindel, Disease_idDisease)
VALUES ("101", "1");
INSERT INTO Microindel_has_Disease (Microindel_idMicroindel, Disease_idDisease)
VALUES ("102", "1");
INSERT INTO Microindel_has_Disease (Microindel_idMicroindel, Disease_idDisease)
VALUES ("103", "1");
INSERT INTO Microindel_has_Disease (Microindel_idMicroindel, Disease_idDisease)
VALUES ("104", "1");
INSERT INTO Microindel_has_Disease (Microindel_idMicroindel, Disease_idDisease)
VALUES ("104", "1");
INSERT INTO Microindel_has_Disease (Microindel_idMicroindel, Disease_idDisease)
VALUES ("105", "1");
INSERT INTO Microindel_has_Disease (Microindel_idMicroindel, Disease_idDisease)
VALUES ("105", "1");
INSERT INTO Microindel_has_Disease (Microindel_idMicroindel, Disease_idDisease)
VALUES ("106", "1");
INSERT INTO Microindel_has_Disease (Microindel_idMicroindel, Disease_idDisease)
VALUES ("106", "1");
INSERT INTO Microindel_has_Disease (Microindel_idMicroindel, Disease_idDisease)
VALUES ("107", "1");
INSERT INTO Microindel_has_Disease (Microindel_idMicroindel, Disease_idDisease)
VALUES ("108", "1");
INSERT INTO Microindel_has_Disease (Microindel_idMicroindel, Disease_idDisease)
VALUES ("109", "1");
INSERT INTO Microindel_has_Disease (Microindel_idMicroindel, Disease_idDisease)
VALUES ("110", "1");
INSERT INTO Microindel_has_Disease (Microindel_idMicroindel, Disease_idDisease)
VALUES ("110", "1");
INSERT INTO Microindel_has_Disease (Microindel_idMicroindel, Disease_idDisease)
VALUES ("111", "1");
INSERT INTO Microindel_has_Disease (Microindel_idMicroindel, Disease_idDisease)
VALUES ("112", "1");
INSERT INTO Microindel_has_Disease (Microindel_idMicroindel, Disease_idDisease)
VALUES ("112", "1");
INSERT INTO Microindel_has_Disease (Microindel_idMicroindel, Disease_idDisease)
VALUES ("113", "1");
INSERT INTO Microindel_has_Disease (Microindel_idMicroindel, Disease_idDisease)
VALUES ("114", "1");
INSERT INTO Microindel_has_Disease (Microindel_idMicroindel, Disease_idDisease)
VALUES ("115", "1");
INSERT INTO Microindel_has_Disease (Microindel_idMicroindel, Disease_idDisease)
VALUES ("116", "1");
INSERT INTO Microindel_has_Disease (Microindel_idMicroindel, Disease_idDisease)
VALUES ("116", "1");
INSERT INTO Microindel_has_Disease (Microindel_idMicroindel, Disease_idDisease)
VALUES ("116", "1");
INSERT INTO Microindel_has_Disease (Microindel_idMicroindel, Disease_idDisease)
VALUES ("117", "1");
INSERT INTO Microindel_has_Disease (Microindel_idMicroindel, Disease_idDisease)
VALUES ("118", "1");
INSERT INTO Microindel_has_Disease (Microindel_idMicroindel, Disease_idDisease)
VALUES ("119", "1");
INSERT INTO Microindel_has_Disease (Microindel_idMicroindel, Disease_idDisease)
VALUES ("120", "1");
INSERT INTO Microindel_has_Disease (Microindel_idMicroindel, Disease_idDisease)
VALUES ("120", "1");
INSERT INTO Microindel_has_Disease (Microindel_idMicroindel, Disease_idDisease)
VALUES ("121", "1");
INSERT INTO Microindel_has_Disease (Microindel_idMicroindel, Disease_idDisease)
VALUES ("121", "1");
INSERT INTO Microindel_has_Disease (Microindel_idMicroindel, Disease_idDisease)
VALUES ("122", "1");
INSERT INTO Microindel_has_Disease (Microindel_idMicroindel, Disease_idDisease)
VALUES ("123", "1");
INSERT INTO Microindel_has_Disease (Microindel_idMicroindel, Disease_idDisease)
VALUES ("124", "1");
INSERT INTO Microindel_has_Disease (Microindel_idMicroindel, Disease_idDisease)
VALUES ("124", "1");
INSERT INTO Microindel_has_Disease (Microindel_idMicroindel, Disease_idDisease)
VALUES ("125", "1");
INSERT INTO Microindel_has_Disease (Microindel_idMicroindel, Disease_idDisease)
VALUES ("126", "1");
INSERT INTO Microindel_has_Disease (Microindel_idMicroindel, Disease_idDisease)
VALUES ("126", "1");
INSERT INTO Microindel_has_Disease (Microindel_idMicroindel, Disease_idDisease)
VALUES ("127", "1");
INSERT INTO Microindel_has_Disease (Microindel_idMicroindel, Disease_idDisease)
VALUES ("128", "1");
INSERT INTO Microindel_has_Disease (Microindel_idMicroindel, Disease_idDisease)
VALUES ("129", "1");
INSERT INTO Microindel_has_Disease (Microindel_idMicroindel, Disease_idDisease)
VALUES ("130", "1");
INSERT INTO Microindel_has_Disease (Microindel_idMicroindel, Disease_idDisease)
VALUES ("131", "1");
INSERT INTO Microindel_has_Disease (Microindel_idMicroindel, Disease_idDisease)
VALUES ("132", "1");
INSERT INTO Microindel_has_Disease (Microindel_idMicroindel, Disease_idDisease)
VALUES ("133", "1");
INSERT INTO Microindel_has_Disease (Microindel_idMicroindel, Disease_idDisease)
VALUES ("134", "1");
INSERT INTO Microindel_has_Disease (Microindel_idMicroindel, Disease_idDisease)
VALUES ("135", "1");
INSERT INTO Microindel_has_Disease (Microindel_idMicroindel, Disease_idDisease)
VALUES ("136", "1");
INSERT INTO Microindel_has_Disease (Microindel_idMicroindel, Disease_idDisease)
VALUES ("136", "1");
INSERT INTO Microindel_has_Disease (Microindel_idMicroindel, Disease_idDisease)
VALUES ("137", "1");
INSERT INTO Microindel_has_Disease (Microindel_idMicroindel, Disease_idDisease)
VALUES ("137", "1");
INSERT INTO Microindel_has_Disease (Microindel_idMicroindel, Disease_idDisease)
VALUES ("138", "1");
INSERT INTO Microindel_has_Disease (Microindel_idMicroindel, Disease_idDisease)
VALUES ("138", "1");
INSERT INTO Microindel_has_Disease (Microindel_idMicroindel, Disease_idDisease)
VALUES ("139", "1");
INSERT INTO Microindel_has_Disease (Microindel_idMicroindel, Disease_idDisease)
VALUES ("140", "1");
INSERT INTO Microindel_has_Disease (Microindel_idMicroindel, Disease_idDisease)
VALUES ("140", "1");
INSERT INTO Microindel_has_Disease (Microindel_idMicroindel, Disease_idDisease)
VALUES ("141", "1");
INSERT INTO Microindel_has_Disease (Microindel_idMicroindel, Disease_idDisease)
VALUES ("142", "1");
INSERT INTO Microindel_has_Disease (Microindel_idMicroindel, Disease_idDisease)
VALUES ("143", "1");
INSERT INTO Microindel_has_Disease (Microindel_idMicroindel, Disease_idDisease)
VALUES ("144", "1");
INSERT INTO Microindel_has_Disease (Microindel_idMicroindel, Disease_idDisease)
VALUES ("144", "1");
INSERT INTO Microindel_has_Disease (Microindel_idMicroindel, Disease_idDisease)
VALUES ("145", "1");
INSERT INTO Microindel_has_Disease (Microindel_idMicroindel, Disease_idDisease)
VALUES ("146", "1");
INSERT INTO Microindel_has_Disease (Microindel_idMicroindel, Disease_idDisease)
VALUES ("146", "1");
INSERT INTO Microindel_has_Disease (Microindel_idMicroindel, Disease_idDisease)
VALUES ("147", "1");
INSERT INTO Microindel_has_Disease (Microindel_idMicroindel, Disease_idDisease)
VALUES ("148", "1");
INSERT INTO Microindel_has_Disease (Microindel_idMicroindel, Disease_idDisease)
VALUES ("149", "1");
INSERT INTO Microindel_has_Disease (Microindel_idMicroindel, Disease_idDisease)
VALUES ("149", "1");
INSERT INTO Microindel_has_Disease (Microindel_idMicroindel, Disease_idDisease)
VALUES ("149", "1");
INSERT INTO Microindel_has_Disease (Microindel_idMicroindel, Disease_idDisease)
VALUES ("149", "1");
INSERT INTO Microindel_has_Disease (Microindel_idMicroindel, Disease_idDisease)
VALUES ("150", "1");
INSERT INTO Microindel_has_Disease (Microindel_idMicroindel, Disease_idDisease)
VALUES ("150", "1");
INSERT INTO Microindel_has_Disease (Microindel_idMicroindel, Disease_idDisease)
VALUES ("151", "1");
INSERT INTO Microindel_has_Disease (Microindel_idMicroindel, Disease_idDisease)
VALUES ("152", "1");
INSERT INTO Microindel_has_Disease (Microindel_idMicroindel, Disease_idDisease)
VALUES ("153", "1");
INSERT INTO Microindel_has_Disease (Microindel_idMicroindel, Disease_idDisease)
VALUES ("154", "1");
INSERT INTO Microindel_has_Disease (Microindel_idMicroindel, Disease_idDisease)
VALUES ("155", "1");
INSERT INTO Microindel_has_Disease (Microindel_idMicroindel, Disease_idDisease)
VALUES ("155", "1");
INSERT INTO Microindel_has_Disease (Microindel_idMicroindel, Disease_idDisease)
VALUES ("156", "1");
INSERT INTO Microindel_has_Disease (Microindel_idMicroindel, Disease_idDisease)
VALUES ("156", "1");
INSERT INTO Microindel_has_Disease (Microindel_idMicroindel, Disease_idDisease)
VALUES ("157", "1");
INSERT INTO Microindel_has_Disease (Microindel_idMicroindel, Disease_idDisease)
VALUES ("158", "1");
INSERT INTO Microindel_has_Disease (Microindel_idMicroindel, Disease_idDisease)
VALUES ("159", "1");
INSERT INTO Microindel_has_Disease (Microindel_idMicroindel, Disease_idDisease)
VALUES ("160", "1");
INSERT INTO Microindel_has_Disease (Microindel_idMicroindel, Disease_idDisease)
VALUES ("161", "1");
INSERT INTO Microindel_has_Disease (Microindel_idMicroindel, Disease_idDisease)
VALUES ("161", "1");
INSERT INTO Microindel_has_Disease (Microindel_idMicroindel, Disease_idDisease)
VALUES ("162", "1");
INSERT INTO Microindel_has_Disease (Microindel_idMicroindel, Disease_idDisease)
VALUES ("163", "1");
INSERT INTO Microindel_has_Disease (Microindel_idMicroindel, Disease_idDisease)
VALUES ("163", "1");
INSERT INTO Microindel_has_Disease (Microindel_idMicroindel, Disease_idDisease)
VALUES ("163", "1");
INSERT INTO Microindel_has_Disease (Microindel_idMicroindel, Disease_idDisease)
VALUES ("164", "1");
INSERT INTO Microindel_has_Disease (Microindel_idMicroindel, Disease_idDisease)
VALUES ("164", "1");
INSERT INTO Microindel_has_Disease (Microindel_idMicroindel, Disease_idDisease)
VALUES ("164", "1");
INSERT INTO Microindel_has_Disease (Microindel_idMicroindel, Disease_idDisease)
VALUES ("165", "1");
INSERT INTO Microindel_has_Disease (Microindel_idMicroindel, Disease_idDisease)
VALUES ("165", "1");
INSERT INTO Microindel_has_Disease (Microindel_idMicroindel, Disease_idDisease)
VALUES ("165", "1");
INSERT INTO Microindel_has_Disease (Microindel_idMicroindel, Disease_idDisease)
VALUES ("165", "1");
INSERT INTO Microindel_has_Disease (Microindel_idMicroindel, Disease_idDisease)
VALUES ("165", "1");
INSERT INTO Microindel_has_Disease (Microindel_idMicroindel, Disease_idDisease)
VALUES ("165", "1");
INSERT INTO Microindel_has_Disease (Microindel_idMicroindel, Disease_idDisease)
VALUES ("165", "1");
INSERT INTO Microindel_has_Disease (Microindel_idMicroindel, Disease_idDisease)
VALUES ("165", "1");
INSERT INTO Microindel_has_Disease (Microindel_idMicroindel, Disease_idDisease)
VALUES ("165", "1");
INSERT INTO Microindel_has_Disease (Microindel_idMicroindel, Disease_idDisease)
VALUES ("165", "1");
INSERT INTO Microindel_has_Disease (Microindel_idMicroindel, Disease_idDisease)
VALUES ("165", "1");
INSERT INTO Microindel_has_Disease (Microindel_idMicroindel, Disease_idDisease)
VALUES ("165", "1");
INSERT INTO Microindel_has_Disease (Microindel_idMicroindel, Disease_idDisease)
VALUES ("165", "1");
INSERT INTO Microindel_has_Disease (Microindel_idMicroindel, Disease_idDisease)
VALUES ("165", "1");
INSERT INTO Microindel_has_Disease (Microindel_idMicroindel, Disease_idDisease)
VALUES ("165", "1");
INSERT INTO Microindel_has_Disease (Microindel_idMicroindel, Disease_idDisease)
VALUES ("165", "1");
INSERT INTO Microindel_has_Disease (Microindel_idMicroindel, Disease_idDisease)
VALUES ("165", "1");
INSERT INTO Microindel_has_Disease (Microindel_idMicroindel, Disease_idDisease)
VALUES ("165", "1");
INSERT INTO Microindel_has_Disease (Microindel_idMicroindel, Disease_idDisease)
VALUES ("165", "1");
INSERT INTO Microindel_has_Disease (Microindel_idMicroindel, Disease_idDisease)
VALUES ("165", "1");
INSERT INTO Microindel_has_Disease (Microindel_idMicroindel, Disease_idDisease)
VALUES ("166", "1");
INSERT INTO Microindel_has_Disease (Microindel_idMicroindel, Disease_idDisease)
VALUES ("166", "1");
INSERT INTO Microindel_has_Disease (Microindel_idMicroindel, Disease_idDisease)
VALUES ("167", "1");
INSERT INTO Microindel_has_Disease (Microindel_idMicroindel, Disease_idDisease)
VALUES ("167", "1");
INSERT INTO Microindel_has_Disease (Microindel_idMicroindel, Disease_idDisease)
VALUES ("167", "1");
INSERT INTO Microindel_has_Disease (Microindel_idMicroindel, Disease_idDisease)
VALUES ("168", "1");
INSERT INTO Microindel_has_Disease (Microindel_idMicroindel, Disease_idDisease)
VALUES ("169", "1");
INSERT INTO Microindel_has_Disease (Microindel_idMicroindel, Disease_idDisease)
VALUES ("170", "1");
INSERT INTO Microindel_has_Disease (Microindel_idMicroindel, Disease_idDisease)
VALUES ("171", "1");
INSERT INTO Microindel_has_Disease (Microindel_idMicroindel, Disease_idDisease)
VALUES ("172", "1");
INSERT INTO Microindel_has_Disease (Microindel_idMicroindel, Disease_idDisease)
VALUES ("173", "1");
INSERT INTO Microindel_has_Disease (Microindel_idMicroindel, Disease_idDisease)
VALUES ("174", "1");
INSERT INTO Microindel_has_Disease (Microindel_idMicroindel, Disease_idDisease)
VALUES ("175", "1");
INSERT INTO Microindel_has_Disease (Microindel_idMicroindel, Disease_idDisease)
VALUES ("176", "1");
INSERT INTO Microindel_has_Disease (Microindel_idMicroindel, Disease_idDisease)
VALUES ("177", "1");
INSERT INTO Microindel_has_Disease (Microindel_idMicroindel, Disease_idDisease)
VALUES ("178", "1");
INSERT INTO Microindel_has_Disease (Microindel_idMicroindel, Disease_idDisease)
VALUES ("179", "1");
INSERT INTO Microindel_has_Disease (Microindel_idMicroindel, Disease_idDisease)
VALUES ("180", "1");
INSERT INTO Microindel_has_Disease (Microindel_idMicroindel, Disease_idDisease)
VALUES ("180", "1");
INSERT INTO Microindel_has_Disease (Microindel_idMicroindel, Disease_idDisease)
VALUES ("181", "1");
INSERT INTO Microindel_has_Disease (Microindel_idMicroindel, Disease_idDisease)
VALUES ("181", "1");
INSERT INTO Microindel_has_Disease (Microindel_idMicroindel, Disease_idDisease)
VALUES ("182", "1");
INSERT INTO Microindel_has_Disease (Microindel_idMicroindel, Disease_idDisease)
VALUES ("183", "1");
INSERT INTO Microindel_has_Disease (Microindel_idMicroindel, Disease_idDisease)
VALUES ("184", "1");
INSERT INTO Microindel_has_Disease (Microindel_idMicroindel, Disease_idDisease)
VALUES ("185", "1");
INSERT INTO Microindel_has_Disease (Microindel_idMicroindel, Disease_idDisease)
VALUES ("186", "1");
INSERT INTO Microindel_has_Disease (Microindel_idMicroindel, Disease_idDisease)
VALUES ("187", "1");
INSERT INTO Microindel_has_Disease (Microindel_idMicroindel, Disease_idDisease)
VALUES ("188", "1");
INSERT INTO Microindel_has_Disease (Microindel_idMicroindel, Disease_idDisease)
VALUES ("188", "1");
INSERT INTO Microindel_has_Disease (Microindel_idMicroindel, Disease_idDisease)
VALUES ("189", "1");
INSERT INTO Microindel_has_Disease (Microindel_idMicroindel, Disease_idDisease)
VALUES ("189", "1");
INSERT INTO Microindel_has_Disease (Microindel_idMicroindel, Disease_idDisease)
VALUES ("189", "1");
INSERT INTO Microindel_has_Disease (Microindel_idMicroindel, Disease_idDisease)
VALUES ("189", "1");
INSERT INTO Microindel_has_Disease (Microindel_idMicroindel, Disease_idDisease)
VALUES ("190", "1");
INSERT INTO Microindel_has_Disease (Microindel_idMicroindel, Disease_idDisease)
VALUES ("190", "1");
INSERT INTO Microindel_has_Disease (Microindel_idMicroindel, Disease_idDisease)
VALUES ("191", "1");
INSERT INTO Microindel_has_Disease (Microindel_idMicroindel, Disease_idDisease)
VALUES ("192", "1");
INSERT INTO Microindel_has_Disease (Microindel_idMicroindel, Disease_idDisease)
VALUES ("193", "1");
INSERT INTO Microindel_has_Disease (Microindel_idMicroindel, Disease_idDisease)
VALUES ("194", "1");
INSERT INTO Microindel_has_Disease (Microindel_idMicroindel, Disease_idDisease)
VALUES ("195", "1");
INSERT INTO Microindel_has_Disease (Microindel_idMicroindel, Disease_idDisease)
VALUES ("196", "1");
INSERT INTO Microindel_has_Disease (Microindel_idMicroindel, Disease_idDisease)
VALUES ("196", "1");
INSERT INTO Microindel_has_Disease (Microindel_idMicroindel, Disease_idDisease)
VALUES ("197", "1");
INSERT INTO Microindel_has_Disease (Microindel_idMicroindel, Disease_idDisease)
VALUES ("198", "3");
INSERT INTO Microindel_has_Disease (Microindel_idMicroindel, Disease_idDisease)
VALUES ("199", "4");
INSERT INTO Microindel_has_Disease (Microindel_idMicroindel, Disease_idDisease)
VALUES ("200", "5");
INSERT INTO Microindel_has_Disease (Microindel_idMicroindel, Disease_idDisease)
VALUES ("201", "6");
INSERT INTO Microindel_has_Disease (Microindel_idMicroindel, Disease_idDisease)
VALUES ("202", "7");
INSERT INTO Microindel_has_Disease (Microindel_idMicroindel, Disease_idDisease)
VALUES ("203", "8");
INSERT INTO Microindel_has_Disease (Microindel_idMicroindel, Disease_idDisease)
VALUES ("203", "9");
INSERT INTO Microindel_has_Disease (Microindel_idMicroindel, Disease_idDisease)
VALUES ("203", "10");
INSERT INTO Microindel_has_Disease (Microindel_idMicroindel, Disease_idDisease)
VALUES ("203", "11");
INSERT INTO Microindel_has_Disease (Microindel_idMicroindel, Disease_idDisease)
VALUES ("204", "12");
INSERT INTO Microindel_has_Disease (Microindel_idMicroindel, Disease_idDisease)
VALUES ("205", "13");
INSERT INTO Microindel_has_Disease (Microindel_idMicroindel, Disease_idDisease)
VALUES ("206", "1");
INSERT INTO Microindel_has_Disease (Microindel_idMicroindel, Disease_idDisease)
VALUES ("207", "1");
INSERT INTO Microindel_has_Disease (Microindel_idMicroindel, Disease_idDisease)
VALUES ("208", "14");
