INSERT INTO Chromosome (idChromosome, Chromosome, Strand)
VALUES ("1", "5", "1");
INSERT INTO Chromosome (idChromosome, Chromosome, Strand)
VALUES ("2", "22", "1");
INSERT INTO Chromosome (idChromosome, Chromosome, Strand)
VALUES ("3", "19", "1");
INSERT INTO Chromosome (idChromosome, Chromosome, Strand)
VALUES ("4", "20", "1");
INSERT INTO Chromosome (idChromosome, Chromosome, Strand)
VALUES ("5", "3", "1");
INSERT INTO Chromosome (idChromosome, Chromosome, Strand)
VALUES ("6", "4", "1");
INSERT INTO Chromosome (idChromosome, Chromosome, Strand)
VALUES ("7", "14", "1");
INSERT INTO Chromosome (idChromosome, Chromosome, Strand)
VALUES ("8", "X", "1");
INSERT INTO Chromosome (idChromosome, Chromosome, Strand)
VALUES ("9", "6", "1");
INSERT INTO Chromosome (idChromosome, Chromosome, Strand)
VALUES ("10", "17", "1");
INSERT INTO Chromosome (idChromosome, Chromosome, Strand)
VALUES ("11", "9", "1");
INSERT INTO Chromosome (idChromosome, Chromosome, Strand)
VALUES ("12", "2", "1");
INSERT INTO Chromosome (idChromosome, Chromosome, Strand)
VALUES ("13", "10", "1");
INSERT INTO Chromosome (idChromosome, Chromosome, Strand)
VALUES ("14", "15", "1");
INSERT INTO Chromosome (idChromosome, Chromosome, Strand)
VALUES ("15", "12", "1");
INSERT INTO Chromosome (idChromosome, Chromosome, Strand)
VALUES ("16", "16", "1");
INSERT INTO Chromosome (idChromosome, Chromosome, Strand)
VALUES ("17", "7", "1");
INSERT INTO Chromosome (idChromosome, Chromosome, Strand)
VALUES ("18", "1", "1");
INSERT INTO Chromosome (idChromosome, Chromosome, Strand)
VALUES ("19", "8", "1");
INSERT INTO Chromosome (idChromosome, Chromosome, Strand)
VALUES ("20", "11", "1");
INSERT INTO Gene (idGene, GeneName, idENSEMBL)
VALUES ("1", "-", "ENSG00000122012");
INSERT INTO Gene (idGene, GeneName, idENSEMBL)
VALUES ("2", "-", "LRG_1010");
INSERT INTO Gene (idGene, GeneName, idENSEMBL)
VALUES ("3", "-", "ENSG00000272103");
INSERT INTO Gene (idGene, GeneName, idENSEMBL)
VALUES ("4", "-", "ENSG00000164620");
INSERT INTO Gene (idGene, GeneName, idENSEMBL)
VALUES ("5", "-", "ENSG00000113441");
INSERT INTO Gene (idGene, GeneName, idENSEMBL)
VALUES ("6", "-", "ENSG00000161133");
INSERT INTO Gene (idGene, GeneName, idENSEMBL)
VALUES ("7", "-", "ENSG00000250261");
INSERT INTO Gene (idGene, GeneName, idENSEMBL)
VALUES ("8", "-", "ENSG00000241973");
INSERT INTO Gene (idGene, GeneName, idENSEMBL)
VALUES ("9", "-", "ENSG00000100285");
INSERT INTO Gene (idGene, GeneName, idENSEMBL)
VALUES ("10", "-", "ENSG00000145569");
INSERT INTO Gene (idGene, GeneName, idENSEMBL)
VALUES ("11", "-", "ENSG00000099917");
INSERT INTO Gene (idGene, GeneName, idENSEMBL)
VALUES ("12", "-", "ENSG00000174837");
INSERT INTO Gene (idGene, GeneName, idENSEMBL)
VALUES ("13", "-", "ENSG00000239547");
INSERT INTO Gene (idGene, GeneName, idENSEMBL)
VALUES ("14", "-", "-");
INSERT INTO Gene (idGene, GeneName, idENSEMBL)
VALUES ("15", "-", "ENSG00000273737");
INSERT INTO Gene (idGene, GeneName, idENSEMBL)
VALUES ("16", "-", "ENSG00000215193");
INSERT INTO Gene (idGene, GeneName, idENSEMBL)
VALUES ("17", "-", "ENSG00000183785");
INSERT INTO Gene (idGene, GeneName, idENSEMBL)
VALUES ("18", "-", "ENSG00000147202");
INSERT INTO Gene (idGene, GeneName, idENSEMBL)
VALUES ("19", "-", "ENSG00000164465");
INSERT INTO Gene (idGene, GeneName, idENSEMBL)
VALUES ("20", "-", "ENSG00000277564");
INSERT INTO Gene (idGene, GeneName, idENSEMBL)
VALUES ("21", "-", "ENSG00000141027");
INSERT INTO Gene (idGene, GeneName, idENSEMBL)
VALUES ("22", "-", "ENSG00000113580");
INSERT INTO Gene (idGene, GeneName, idENSEMBL)
VALUES ("23", "-", "ENSG00000016402");
INSERT INTO Gene (idGene, GeneName, idENSEMBL)
VALUES ("24", "-", "ENSG00000272600");
INSERT INTO Gene (idGene, GeneName, idENSEMBL)
VALUES ("25", "-", "ENSG00000233237");
INSERT INTO Gene (idGene, GeneName, idENSEMBL)
VALUES ("26", "-", "ENSG00000099940");
INSERT INTO Gene (idGene, GeneName, idENSEMBL)
VALUES ("27", "-", "ENSG00000232295");
INSERT INTO Gene (idGene, GeneName, idENSEMBL)
VALUES ("28", "-", "ENSG00000153162");
INSERT INTO Gene (idGene, GeneName, idENSEMBL)
VALUES ("29", "-", "ENSG00000145808");
INSERT INTO Gene (idGene, GeneName, idENSEMBL)
VALUES ("30", "-", "ENSG00000185252");
INSERT INTO Gene (idGene, GeneName, idENSEMBL)
VALUES ("31", "-", "ENSG00000100368");
INSERT INTO Gene (idGene, GeneName, idENSEMBL)
VALUES ("32", "-", "ENSG00000148120");
INSERT INTO Gene (idGene, GeneName, idENSEMBL)
VALUES ("33", "-", "ENSG00000197594");
INSERT INTO Gene (idGene, GeneName, idENSEMBL)
VALUES ("34", "-", "ENSG00000224063");
INSERT INTO Gene (idGene, GeneName, idENSEMBL)
VALUES ("35", "-", "ENSG00000118495");
INSERT INTO Gene (idGene, GeneName, idENSEMBL)
VALUES ("36", "-", "ENSG00000138182");
INSERT INTO Gene (idGene, GeneName, idENSEMBL)
VALUES ("37", "-", "ENSG00000085449");
INSERT INTO Gene (idGene, GeneName, idENSEMBL)
VALUES ("38", "-", "ENSG00000148488");
INSERT INTO Gene (idGene, GeneName, idENSEMBL)
VALUES ("39", "-", "ENSG00000282513");
INSERT INTO Gene (idGene, GeneName, idENSEMBL)
VALUES ("40", "-", "LRG_334");
INSERT INTO Gene (idGene, GeneName, idENSEMBL)
VALUES ("41", "-", "ENSG00000216853");
INSERT INTO Gene (idGene, GeneName, idENSEMBL)
VALUES ("42", "-", "ENSG00000175329");
INSERT INTO Gene (idGene, GeneName, idENSEMBL)
VALUES ("43", "-", "ENSG00000230417");
INSERT INTO Gene (idGene, GeneName, idENSEMBL)
VALUES ("44", "-", "ENSG00000113269");
INSERT INTO Gene (idGene, GeneName, idENSEMBL)
VALUES ("45", "-", "ENSG00000164574");
INSERT INTO Gene (idGene, GeneName, idENSEMBL)
VALUES ("46", "-", "ENSG00000275932");
INSERT INTO Gene (idGene, GeneName, idENSEMBL)
VALUES ("47", "-", "ENSG00000164199");
INSERT INTO Gene (idGene, GeneName, idENSEMBL)
VALUES ("48", "-", "ENSG00000070371");
INSERT INTO Gene (idGene, GeneName, idENSEMBL)
VALUES ("49", "-", "ENSG00000100154");
INSERT INTO Gene (idGene, GeneName, idENSEMBL)
VALUES ("50", "-", "ENSG00000153922");
INSERT INTO Gene (idGene, GeneName, idENSEMBL)
VALUES ("51", "-", "ENSG00000249082");
INSERT INTO Gene (idGene, GeneName, idENSEMBL)
VALUES ("52", "-", "ENSG00000145781");
INSERT INTO Gene (idGene, GeneName, idENSEMBL)
VALUES ("53", "-", "ENSG00000145723");
INSERT INTO Gene (idGene, GeneName, idENSEMBL)
VALUES ("54", "-", "ENSG00000105053");
INSERT INTO Gene (idGene, GeneName, idENSEMBL)
VALUES ("55", "-", "ENSG00000266509");
INSERT INTO Gene (idGene, GeneName, idENSEMBL)
VALUES ("56", "-", "ENSG00000112851");
INSERT INTO Gene (idGene, GeneName, idENSEMBL)
VALUES ("57", "-", "ENSG00000184349");
INSERT INTO Gene (idGene, GeneName, idENSEMBL)
VALUES ("58", "-", "ENSG00000113448");
INSERT INTO Gene (idGene, GeneName, idENSEMBL)
VALUES ("59", "-", "ENSG00000068796");
INSERT INTO Gene (idGene, GeneName, idENSEMBL)
VALUES ("60", "-", "ENSG00000248791");
INSERT INTO Gene (idGene, GeneName, idENSEMBL)
VALUES ("61", "-", "ENSG00000168418");
INSERT INTO Gene (idGene, GeneName, idENSEMBL)
VALUES ("62", "-", "ENSG00000244486");
INSERT INTO Gene (idGene, GeneName, idENSEMBL)
VALUES ("63", "-", "ENSG00000021645");
INSERT INTO Gene (idGene, GeneName, idENSEMBL)
VALUES ("64", "-", "ENSG00000234121");
INSERT INTO Gene (idGene, GeneName, idENSEMBL)
VALUES ("65", "-", "ENSG00000278008");
INSERT INTO Gene (idGene, GeneName, idENSEMBL)
VALUES ("66", "-", "ENSG00000158987");
INSERT INTO Gene (idGene, GeneName, idENSEMBL)
VALUES ("67", "-", "ENSG00000216863");
INSERT INTO Gene (idGene, GeneName, idENSEMBL)
VALUES ("68", "-", "ENSG00000145730");
INSERT INTO Gene (idGene, GeneName, idENSEMBL)
VALUES ("69", "-", "ENSG00000099910");
INSERT INTO Gene (idGene, GeneName, idENSEMBL)
VALUES ("70", "-", "ENSG00000170624");
INSERT INTO Gene (idGene, GeneName, idENSEMBL)
VALUES ("71", "-", "ENSG00000184979");
INSERT INTO Gene (idGene, GeneName, idENSEMBL)
VALUES ("72", "-", "ENSG00000176018");
INSERT INTO Gene (idGene, GeneName, idENSEMBL)
VALUES ("73", "-", "ENSG00000220248");
INSERT INTO Gene (idGene, GeneName, idENSEMBL)
VALUES ("74", "-", "ENSG00000225225");
INSERT INTO Gene (idGene, GeneName, idENSEMBL)
VALUES ("75", "-", "ENSG00000135333");
INSERT INTO Gene (idGene, GeneName, idENSEMBL)
VALUES ("76", "-", "ENSG00000241717");
INSERT INTO Gene (idGene, GeneName, idENSEMBL)
VALUES ("77", "-", "ENSG00000280941");
INSERT INTO Gene (idGene, GeneName, idENSEMBL)
VALUES ("78", "-", "ENSG00000261115");
INSERT INTO Gene (idGene, GeneName, idENSEMBL)
VALUES ("79", "-", "ENSG00000137203");
INSERT INTO Gene (idGene, GeneName, idENSEMBL)
VALUES ("80", "-", "ENSG00000230333");
INSERT INTO Gene (idGene, GeneName, idENSEMBL)
VALUES ("81", "-", "ENSG00000215544");
INSERT INTO Gene (idGene, GeneName, idENSEMBL)
VALUES ("82", "-", "ENSG00000282833");
INSERT INTO Gene (idGene, GeneName, idENSEMBL)
VALUES ("83", "-", "ENSG00000130038");
INSERT INTO Gene (idGene, GeneName, idENSEMBL)
VALUES ("84", "-", "ENSG00000010818");
INSERT INTO Gene (idGene, GeneName, idENSEMBL)
VALUES ("85", "-", "ENSG00000165966");
INSERT INTO Gene (idGene, GeneName, idENSEMBL)
VALUES ("86", "-", "ENSG00000236670");
INSERT INTO Gene (idGene, GeneName, idENSEMBL)
VALUES ("87", "-", "ENSG00000227028");
INSERT INTO Gene (idGene, GeneName, idENSEMBL)
VALUES ("88", "-", "ENSG00000146678");
INSERT INTO Gene (idGene, GeneName, idENSEMBL)
VALUES ("89", "-", "ENSG00000236177");
INSERT INTO Gene (idGene, GeneName, idENSEMBL)
VALUES ("90", "-", "ENSG00000230472");
INSERT INTO Gene (idGene, GeneName, idENSEMBL)
VALUES ("91", "-", "ENSG00000006432");
INSERT INTO Gene (idGene, GeneName, idENSEMBL)
VALUES ("92", "-", "ENSG00000171611");
INSERT INTO Gene (idGene, GeneName, idENSEMBL)
VALUES ("93", "-", "ENSG00000161103");
INSERT INTO Gene (idGene, GeneName, idENSEMBL)
VALUES ("94", "-", "LRG_321");
INSERT INTO Gene (idGene, GeneName, idENSEMBL)
VALUES ("95", "-", "ENSG00000248405");
INSERT INTO Gene (idGene, GeneName, idENSEMBL)
VALUES ("96", "-", "ENSG00000255156");
INSERT INTO Gene (idGene, GeneName, idENSEMBL)
VALUES ("97", "-", "ENSG00000233110");
INSERT INTO Gene (idGene, GeneName, idENSEMBL)
VALUES ("98", "-", "ENSG00000207210");
INSERT INTO Gene (idGene, GeneName, idENSEMBL)
VALUES ("99", "-", "ENSG00000196670");
INSERT INTO Gene (idGene, GeneName, idENSEMBL)
VALUES ("100", "-", "ENSG00000077935");
INSERT INTO Gene (idGene, GeneName, idENSEMBL)
VALUES ("101", "-", "ENSG00000279558");
INSERT INTO Gene (idGene, GeneName, idENSEMBL)
VALUES ("102", "-", "ENSG00000161010");
INSERT INTO Gene (idGene, GeneName, idENSEMBL)
VALUES ("103", "-", "LRG_189");
INSERT INTO Gene (idGene, GeneName, idENSEMBL)
VALUES ("104", "-", "ENSG00000154127");
INSERT INTO Gene (idGene, GeneName, idENSEMBL)
VALUES ("105", "-", "LRG_205");
INSERT INTO Gene (idGene, GeneName, idENSEMBL)
VALUES ("106", "-", "ENSG00000237689");
INSERT INTO Gene (idGene, GeneName, idENSEMBL)
VALUES ("107", "-", "ENSG00000228122");
INSERT INTO Gene (idGene, GeneName, idENSEMBL)
VALUES ("108", "-", "ENSG00000275118");
INSERT INTO Microindel (idMicroindel, Name, Start, End, Info, Gene_idGene, Chromosome_idChromosome)
VALUES ("1", "rs1160946", "76086641", "76086640", "-/GGTA/GG", "1", "1");
INSERT INTO Microindel (idMicroindel, Name, Start, End, Info, Gene_idGene, Chromosome_idChromosome)
VALUES ("2", "rs361622", "19971168", "19971167", "-/C", "2", "2");
INSERT INTO Microindel (idMicroindel, Name, Start, End, Info, Gene_idGene, Chromosome_idChromosome)
VALUES ("3", "rs1160961", "36860949", "36860948", "-/TT", "3", "1");
INSERT INTO Microindel (idMicroindel, Name, Start, End, Info, Gene_idGene, Chromosome_idChromosome)
VALUES ("4", "rs1160948", "141641287", "141641286", "-/AGT", "4", "1");
INSERT INTO Microindel (idMicroindel, Name, Start, End, Info, Gene_idGene, Chromosome_idChromosome)
VALUES ("5", "rs1160962", "96991846", "96991845", "-/TT", "5", "1");
INSERT INTO Microindel (idMicroindel, Name, Start, End, Info, Gene_idGene, Chromosome_idChromosome)
VALUES ("6", "rs361839", "20369563", "20369562", "-/GCAGTC", "6", "2");
INSERT INTO Microindel (idMicroindel, Name, Start, End, Info, Gene_idGene, Chromosome_idChromosome)
VALUES ("7", "rs361625", "20594218", "20594217", "-/AA", "7", "2");
INSERT INTO Microindel (idMicroindel, Name, Start, End, Info, Gene_idGene, Chromosome_idChromosome)
VALUES ("8", "rs362224", "20863315", "20863314", "-/CCT", "8", "2");
INSERT INTO Microindel (idMicroindel, Name, Start, End, Info, Gene_idGene, Chromosome_idChromosome)
VALUES ("9", "rs361628", "20592935", "20592934", "-/C", "7", "2");
INSERT INTO Microindel (idMicroindel, Name, Start, End, Info, Gene_idGene, Chromosome_idChromosome)
VALUES ("10", "rs361629", "29486205", "29486204", "-/T", "9", "2");
INSERT INTO Microindel (idMicroindel, Name, Start, End, Info, Gene_idGene, Chromosome_idChromosome)
VALUES ("11", "rs1160967", "14596637", "14596636", "-/CT", "10", "1");
INSERT INTO Microindel (idMicroindel, Name, Start, End, Info, Gene_idGene, Chromosome_idChromosome)
VALUES ("12", "rs361870", "20587936", "20587935", "-/TG", "11", "2");
INSERT INTO Microindel (idMicroindel, Name, Start, End, Info, Gene_idGene, Chromosome_idChromosome)
VALUES ("13", "rs1160969", "6935111", "6935110", "-/AA", "12", "3");
INSERT INTO Microindel (idMicroindel, Name, Start, End, Info, Gene_idGene, Chromosome_idChromosome)
VALUES ("14", "rs362018", "17356068", "17356067", "-/T/TAAAA/TAAAATAAAATAAAA/TAAAG", "13", "2");
INSERT INTO Microindel (idMicroindel, Name, Start, End, Info, Gene_idGene, Chromosome_idChromosome)
VALUES ("15", "rs1305040", "32621581", "32621580", "-/CATT", "14", "4");
INSERT INTO Microindel (idMicroindel, Name, Start, End, Info, Gene_idGene, Chromosome_idChromosome)
VALUES ("16", "rs362260", "20800715", "20800714", "-/AA", "8", "2");
INSERT INTO Microindel (idMicroindel, Name, Start, End, Info, Gene_idGene, Chromosome_idChromosome)
VALUES ("17", "rs362033", "20808503", "20808502", "-/GAA", "8", "2");
INSERT INTO Microindel (idMicroindel, Name, Start, End, Info, Gene_idGene, Chromosome_idChromosome)
VALUES ("18", "rs361649", "20800908", "20800907", "-/T", "8", "2");
INSERT INTO Microindel (idMicroindel, Name, Start, End, Info, Gene_idGene, Chromosome_idChromosome)
VALUES ("19", "rs362261", "22444536", "22444535", "-/T", "15", "5");
INSERT INTO Microindel (idMicroindel, Name, Start, End, Info, Gene_idGene, Chromosome_idChromosome)
VALUES ("20", "rs362248", "20825087", "20825086", "-/AAAAA/AAAAAAA/AAAAAAAA", "8", "2");
INSERT INTO Microindel (idMicroindel, Name, Start, End, Info, Gene_idGene, Chromosome_idChromosome)
VALUES ("21", "rs362034", "20594237", "20594236", "-/GA/GAAA/GATA", "7", "2");
INSERT INTO Microindel (idMicroindel, Name, Start, End, Info, Gene_idGene, Chromosome_idChromosome)
VALUES ("22", "rs361910", "18095831", "18095830", "-/T", "16", "2");
INSERT INTO Microindel (idMicroindel, Name, Start, End, Info, Gene_idGene, Chromosome_idChromosome)
VALUES ("23", "rs1305043", "178051912", "178051911", "-/CT", "14", "6");
INSERT INTO Microindel (idMicroindel, Name, Start, End, Info, Gene_idGene, Chromosome_idChromosome)
VALUES ("24", "rs361911", "18127714", "18127713", "-/T/TT", "17", "2");
INSERT INTO Microindel (idMicroindel, Name, Start, End, Info, Gene_idGene, Chromosome_idChromosome)
VALUES ("25", "rs1305044", "58708731", "58708730", "-/CCTTGTTGC", "14", "7");
INSERT INTO Microindel (idMicroindel, Name, Start, End, Info, Gene_idGene, Chromosome_idChromosome)
VALUES ("26", "rs361892", "20850451", "20850450", "-/T", "8", "2");
INSERT INTO Microindel (idMicroindel, Name, Start, End, Info, Gene_idGene, Chromosome_idChromosome)
VALUES ("27", "rs361665", "29494327", "29494326", "-/AAAC/AAACAAAC", "9", "2");
INSERT INTO Microindel (idMicroindel, Name, Start, End, Info, Gene_idGene, Chromosome_idChromosome)
VALUES ("28", "rs363764", "97600481", "97600480", "-/TCT", "18", "8");
INSERT INTO Microindel (idMicroindel, Name, Start, End, Info, Gene_idGene, Chromosome_idChromosome)
VALUES ("29", "rs1305046", "117463497", "117463496", "-/TG/GT", "19", "9");
INSERT INTO Microindel (idMicroindel, Name, Start, End, Info, Gene_idGene, Chromosome_idChromosome)
VALUES ("30", "rs361700", "35933836", "35933835", "-/A", "20", "6");
INSERT INTO Microindel (idMicroindel, Name, Start, End, Info, Gene_idGene, Chromosome_idChromosome)
VALUES ("31", "rs1305047", "16181675", "16181674", "-/CACA", "21", "10");
INSERT INTO Microindel (idMicroindel, Name, Start, End, Info, Gene_idGene, Chromosome_idChromosome)
VALUES ("32", "rs362039", "20592867", "20592866", "-/A/AA", "7", "2");
INSERT INTO Microindel (idMicroindel, Name, Start, End, Info, Gene_idGene, Chromosome_idChromosome)
VALUES ("33", "rs1305061", "143301530", "143301529", "-/AATTA", "22", "1");
INSERT INTO Microindel (idMicroindel, Name, Start, End, Info, Gene_idGene, Chromosome_idChromosome)
VALUES ("34", "rs362055", "20797795", "20797794", "-/T", "8", "2");
INSERT INTO Microindel (idMicroindel, Name, Start, End, Info, Gene_idGene, Chromosome_idChromosome)
VALUES ("35", "rs361931", "29497789", "29497788", "-/A/AA/AAAAAAAA", "14", "2");
INSERT INTO Microindel (idMicroindel, Name, Start, End, Info, Gene_idGene, Chromosome_idChromosome)
VALUES ("36", "rs361706", "20901094", "20901093", "-/A", "14", "2");
INSERT INTO Microindel (idMicroindel, Name, Start, End, Info, Gene_idGene, Chromosome_idChromosome)
VALUES ("37", "rs362058", "20572640", "20572639", "-/C", "11", "2");
INSERT INTO Microindel (idMicroindel, Name, Start, End, Info, Gene_idGene, Chromosome_idChromosome)
VALUES ("38", "rs361707", "20773300", "20773299", "-/T", "8", "2");
INSERT INTO Microindel (idMicroindel, Name, Start, End, Info, Gene_idGene, Chromosome_idChromosome)
VALUES ("39", "rs361723", "20837388", "20837387", "-/ACAG", "8", "2");
INSERT INTO Microindel (idMicroindel, Name, Start, End, Info, Gene_idGene, Chromosome_idChromosome)
VALUES ("40", "rs361953", "20847755", "20847754", "-/A/AA", "8", "2");
INSERT INTO Microindel (idMicroindel, Name, Start, End, Info, Gene_idGene, Chromosome_idChromosome)
VALUES ("41", "rs361740", "20594240", "20594239", "-/G", "7", "2");
INSERT INTO Microindel (idMicroindel, Name, Start, End, Info, Gene_idGene, Chromosome_idChromosome)
VALUES ("42", "rs1160852", "137024721", "137024720", "-/AA", "23", "9");
INSERT INTO Microindel (idMicroindel, Name, Start, End, Info, Gene_idGene, Chromosome_idChromosome)
VALUES ("43", "rs362114", "20813318", "20813317", "-/ACA", "8", "2");
INSERT INTO Microindel (idMicroindel, Name, Start, End, Info, Gene_idGene, Chromosome_idChromosome)
VALUES ("44", "rs361972", "20780792", "20780791", "-/AAAAAAAAAAAAAAAA", "8", "2");
INSERT INTO Microindel (idMicroindel, Name, Start, End, Info, Gene_idGene, Chromosome_idChromosome)
VALUES ("45", "rs361745", "20892504", "20892503", "-/A/G", "24", "2");
INSERT INTO Microindel (idMicroindel, Name, Start, End, Info, Gene_idGene, Chromosome_idChromosome)
VALUES ("46", "rs361518", "71403291", "71403290", "-/A/T", "25", "9");
INSERT INTO Microindel (idMicroindel, Name, Start, End, Info, Gene_idGene, Chromosome_idChromosome)
VALUES ("47", "rs1160856", "8564382", "8564381", "-/CT", "14", "9");
INSERT INTO Microindel (idMicroindel, Name, Start, End, Info, Gene_idGene, Chromosome_idChromosome)
VALUES ("48", "rs362117", "20377725", "20377724", "-/A", "6", "2");
INSERT INTO Microindel (idMicroindel, Name, Start, End, Info, Gene_idGene, Chromosome_idChromosome)
VALUES ("49", "rs361532", "20880028", "20880027", "-/CAA", "26", "2");
INSERT INTO Microindel (idMicroindel, Name, Start, End, Info, Gene_idGene, Chromosome_idChromosome)
VALUES ("50", "rs1160870", "11166697", "11166696", "-/TT", "14", "9");
INSERT INTO Microindel (idMicroindel, Name, Start, End, Info, Gene_idGene, Chromosome_idChromosome)
VALUES ("51", "rs1160857", "94533476", "94533475", "-/TG", "14", "9");
INSERT INTO Microindel (idMicroindel, Name, Start, End, Info, Gene_idGene, Chromosome_idChromosome)
VALUES ("52", "rs1160858", "71331637", "71331636", "-/TG", "27", "9");
INSERT INTO Microindel (idMicroindel, Name, Start, End, Info, Gene_idGene, Chromosome_idChromosome)
VALUES ("53", "rs361761", "20843099", "20843098", "-/A", "8", "2");
INSERT INTO Microindel (idMicroindel, Name, Start, End, Info, Gene_idGene, Chromosome_idChromosome)
VALUES ("54", "rs1160859", "7771694", "7771693", "-/AG", "28", "9");
INSERT INTO Microindel (idMicroindel, Name, Start, End, Info, Gene_idGene, Chromosome_idChromosome)
VALUES ("55", "rs361977", "20811624", "20811623", "-/AAA/AAAAA", "8", "2");
INSERT INTO Microindel (idMicroindel, Name, Start, End, Info, Gene_idGene, Chromosome_idChromosome)
VALUES ("56", "rs361536", "20821609", "20821608", "-/GTTTGTTT", "8", "2");
INSERT INTO Microindel (idMicroindel, Name, Start, End, Info, Gene_idGene, Chromosome_idChromosome)
VALUES ("57", "rs1160874", "129642851", "129642850", "-/C", "29", "1");
INSERT INTO Microindel (idMicroindel, Name, Start, End, Info, Gene_idGene, Chromosome_idChromosome)
VALUES ("58", "rs362136", "20399572", "20399571", "-/CT/TTT/TT/T", "30", "2");
INSERT INTO Microindel (idMicroindel, Name, Start, End, Info, Gene_idGene, Chromosome_idChromosome)
VALUES ("59", "rs361765", "36943772", "36943771", "-/GTGTGTGTGC", "31", "2");
INSERT INTO Microindel (idMicroindel, Name, Start, End, Info, Gene_idGene, Chromosome_idChromosome)
VALUES ("60", "rs361552", "20809432", "20809431", "-/T", "8", "2");
INSERT INTO Microindel (idMicroindel, Name, Start, End, Info, Gene_idGene, Chromosome_idChromosome)
VALUES ("61", "rs1160910", "94736780", "94736779", "-/CTTT", "32", "11");
INSERT INTO Microindel (idMicroindel, Name, Start, End, Info, Gene_idGene, Chromosome_idChromosome)
VALUES ("62", "rs1160877", "131844594", "131844593", "-/AAGTA", "33", "9");
INSERT INTO Microindel (idMicroindel, Name, Start, End, Info, Gene_idGene, Chromosome_idChromosome)
VALUES ("63", "rs361994", "36942078", "36942077", "-/C", "31", "2");
INSERT INTO Microindel (idMicroindel, Name, Start, End, Info, Gene_idGene, Chromosome_idChromosome)
VALUES ("64", "rs1160911", "187505129", "187505128", "-/AT", "34", "12");
INSERT INTO Microindel (idMicroindel, Name, Start, End, Info, Gene_idGene, Chromosome_idChromosome)
VALUES ("65", "rs1160878", "143952478", "143952477", "-/GTGA", "35", "9");
INSERT INTO Microindel (idMicroindel, Name, Start, End, Info, Gene_idGene, Chromosome_idChromosome)
VALUES ("66", "rs1160879", "61092412", "61092411", "-/AAG", "14", "6");
INSERT INTO Microindel (idMicroindel, Name, Start, End, Info, Gene_idGene, Chromosome_idChromosome)
VALUES ("67", "rs361782", "18089607", "18089606", "-/TGGG/TGGT/TTGG", "16", "2");
INSERT INTO Microindel (idMicroindel, Name, Start, End, Info, Gene_idGene, Chromosome_idChromosome)
VALUES ("68", "rs1160913", "89751667", "89751666", "-/AAG", "36", "13");
INSERT INTO Microindel (idMicroindel, Name, Start, End, Info, Gene_idGene, Chromosome_idChromosome)
VALUES ("69", "rs1160893", "223929861", "223929860", "-/AG", "37", "12");
INSERT INTO Microindel (idMicroindel, Name, Start, End, Info, Gene_idGene, Chromosome_idChromosome)
VALUES ("70", "rs1160894", "17320673", "17320672", "-/CAT", "38", "13");
INSERT INTO Microindel (idMicroindel, Name, Start, End, Info, Gene_idGene, Chromosome_idChromosome)
VALUES ("71", "rs361804", "20898009", "20898008", "-/GC", "14", "2");
INSERT INTO Microindel (idMicroindel, Name, Start, End, Info, Gene_idGene, Chromosome_idChromosome)
VALUES ("72", "rs1160915", "33127359", "33127358", "-/AAGA", "39", "14");
INSERT INTO Microindel (idMicroindel, Name, Start, End, Info, Gene_idGene, Chromosome_idChromosome)
VALUES ("73", "rs1160895", "2576752", "2576751", "-/GT", "40", "15");
INSERT INTO Microindel (idMicroindel, Name, Start, End, Info, Gene_idGene, Chromosome_idChromosome)
VALUES ("74", "rs361571", "18089737", "18089736", "-/ACTC", "16", "2");
INSERT INTO Microindel (idMicroindel, Name, Start, End, Info, Gene_idGene, Chromosome_idChromosome)
VALUES ("75", "rs1160916", "94449713", "94449712", "-/AC", "41", "9");
INSERT INTO Microindel (idMicroindel, Name, Start, End, Info, Gene_idGene, Chromosome_idChromosome)
VALUES ("76", "rs362170", "20897718", "20897717", "-/A", "14", "2");
INSERT INTO Microindel (idMicroindel, Name, Start, End, Info, Gene_idGene, Chromosome_idChromosome)
VALUES ("77", "rs361806", "35061940", "35061939", "-/TACAAA/A", "42", "2");
INSERT INTO Microindel (idMicroindel, Name, Start, End, Info, Gene_idGene, Chromosome_idChromosome)
VALUES ("78", "rs361786", "18108999", "18108998", "-/GAAA", "17", "2");
INSERT INTO Microindel (idMicroindel, Name, Start, End, Info, Gene_idGene, Chromosome_idChromosome)
VALUES ("79", "rs1160897", "78449547", "78449546", "-/TCT", "43", "13");
INSERT INTO Microindel (idMicroindel, Name, Start, End, Info, Gene_idGene, Chromosome_idChromosome)
VALUES ("80", "rs1160931", "179976001", "179976000", "-/AG", "44", "1");
INSERT INTO Microindel (idMicroindel, Name, Start, End, Info, Gene_idGene, Chromosome_idChromosome)
VALUES ("81", "rs1160918", "143966530", "143966529", "-/CACT", "14", "5");
INSERT INTO Microindel (idMicroindel, Name, Start, End, Info, Gene_idGene, Chromosome_idChromosome)
VALUES ("82", "rs1160932", "154272459", "154272458", "-/GG", "45", "1");
INSERT INTO Microindel (idMicroindel, Name, Start, End, Info, Gene_idGene, Chromosome_idChromosome)
VALUES ("83", "rs1160919", "37520046", "37520045", "-/AC", "46", "6");
INSERT INTO Microindel (idMicroindel, Name, Start, End, Info, Gene_idGene, Chromosome_idChromosome)
VALUES ("84", "rs361576", "20592924", "20592923", "-/G", "7", "2");
INSERT INTO Microindel (idMicroindel, Name, Start, End, Info, Gene_idGene, Chromosome_idChromosome)
VALUES ("85", "rs1160934", "90573121", "90573120", "-/CA", "47", "1");
INSERT INTO Microindel (idMicroindel, Name, Start, End, Info, Gene_idGene, Chromosome_idChromosome)
VALUES ("86", "rs361824", "20769684", "20769683", "-/A/AA", "8", "2");
INSERT INTO Microindel (idMicroindel, Name, Start, End, Info, Gene_idGene, Chromosome_idChromosome)
VALUES ("87", "rs361590", "18094220", "18094219", "-/T", "16", "2");
INSERT INTO Microindel (idMicroindel, Name, Start, End, Info, Gene_idGene, Chromosome_idChromosome)
VALUES ("88", "rs361610", "20814181", "20814180", "-/A", "8", "2");
INSERT INTO Microindel (idMicroindel, Name, Start, End, Info, Gene_idGene, Chromosome_idChromosome)
VALUES ("89", "rs361578", "19216604", "19216603", "-/G", "48", "2");
INSERT INTO Microindel (idMicroindel, Name, Start, End, Info, Gene_idGene, Chromosome_idChromosome)
VALUES ("90", "rs361840", "20592928", "20592927", "-/G", "7", "2");
INSERT INTO Microindel (idMicroindel, Name, Start, End, Info, Gene_idGene, Chromosome_idChromosome)
VALUES ("91", "rs470099", "27989229", "27989228", "-/CA", "49", "2");
INSERT INTO Microindel (idMicroindel, Name, Start, End, Info, Gene_idGene, Chromosome_idChromosome)
VALUES ("92", "rs1160951", "98874095", "98874094", "-/ATA", "50", "1");
INSERT INTO Microindel (idMicroindel, Name, Start, End, Info, Gene_idGene, Chromosome_idChromosome)
VALUES ("93", "rs1160938", "135042137", "135042136", "-/CTC", "51", "1");
INSERT INTO Microindel (idMicroindel, Name, Start, End, Info, Gene_idGene, Chromosome_idChromosome)
VALUES ("94", "rs361841", "20568274", "20568273", "-/GTG", "11", "2");
INSERT INTO Microindel (idMicroindel, Name, Start, End, Info, Gene_idGene, Chromosome_idChromosome)
VALUES ("95", "rs1160952", "142063833", "142063832", "-/GGA", "14", "1");
INSERT INTO Microindel (idMicroindel, Name, Start, End, Info, Gene_idGene, Chromosome_idChromosome)
VALUES ("96", "rs1160953", "116290380", "116290379", "-/TAGA", "52", "1");
INSERT INTO Microindel (idMicroindel, Name, Start, End, Info, Gene_idGene, Chromosome_idChromosome)
VALUES ("97", "rs1160954", "103112319", "103112318", "-/ACA", "53", "1");
INSERT INTO Microindel (idMicroindel, Name, Start, End, Info, Gene_idGene, Chromosome_idChromosome)
VALUES ("98", "rs1160955", "49993026", "49993025", "-/AC/CA", "54", "3");
INSERT INTO Microindel (idMicroindel, Name, Start, End, Info, Gene_idGene, Chromosome_idChromosome)
VALUES ("99", "rs866898", "33694405", "33694404", "-/C/CC", "55", "9");
INSERT INTO Microindel (idMicroindel, Name, Start, End, Info, Gene_idGene, Chromosome_idChromosome)
VALUES ("100", "rs1160956", "66082633", "66082632", "-/TCT", "56", "1");
INSERT INTO Microindel (idMicroindel, Name, Start, End, Info, Gene_idGene, Chromosome_idChromosome)
VALUES ("101", "rs361619", "18125535", "18125534", "-/A", "17", "2");
INSERT INTO Microindel (idMicroindel, Name, Start, End, Info, Gene_idGene, Chromosome_idChromosome)
VALUES ("102", "rs1160957", "107501497", "107501496", "-/GTA/TAG", "57", "1");
INSERT INTO Microindel (idMicroindel, Name, Start, End, Info, Gene_idGene, Chromosome_idChromosome)
VALUES ("103", "rs1160958", "59286920", "59286919", "-/C/CAT", "58", "1");
INSERT INTO Microindel (idMicroindel, Name, Start, End, Info, Gene_idGene, Chromosome_idChromosome)
VALUES ("104", "rs361848", "20892517", "20892516", "-/G", "24", "2");
INSERT INTO Microindel (idMicroindel, Name, Start, End, Info, Gene_idGene, Chromosome_idChromosome)
VALUES ("105", "rs1160972", "62460270", "62460269", "-/TT", "59", "1");
INSERT INTO Microindel (idMicroindel, Name, Start, End, Info, Gene_idGene, Chromosome_idChromosome)
VALUES ("106", "rs361849", "20570753", "20570752", "-/CT", "11", "2");
INSERT INTO Microindel (idMicroindel, Name, Start, End, Info, Gene_idGene, Chromosome_idChromosome)
VALUES ("107", "rs361635", "20572984", "20572983", "-/TT", "11", "2");
INSERT INTO Microindel (idMicroindel, Name, Start, End, Info, Gene_idGene, Chromosome_idChromosome)
VALUES ("108", "rs1160973", "14615399", "14615398", "-/AG", "60", "1");
INSERT INTO Microindel (idMicroindel, Name, Start, End, Info, Gene_idGene, Chromosome_idChromosome)
VALUES ("109", "rs1160975", "84240872", "84240871", "-/AA", "61", "16");
INSERT INTO Microindel (idMicroindel, Name, Start, End, Info, Gene_idGene, Chromosome_idChromosome)
VALUES ("110", "rs361638", "20420745", "20420744", "-/GTA", "62", "2");
INSERT INTO Microindel (idMicroindel, Name, Start, End, Info, Gene_idGene, Chromosome_idChromosome)
VALUES ("111", "rs362237", "20861137", "20861136", "-/TT", "8", "2");
INSERT INTO Microindel (idMicroindel, Name, Start, End, Info, Gene_idGene, Chromosome_idChromosome)
VALUES ("112", "rs1160978", "78957403", "78957402", "-/TA/TC", "63", "7");
INSERT INTO Microindel (idMicroindel, Name, Start, End, Info, Gene_idGene, Chromosome_idChromosome)
VALUES ("113", "rs361881", "20419969", "20419968", "-/TTT/TT/T", "62", "2");
INSERT INTO Microindel (idMicroindel, Name, Start, End, Info, Gene_idGene, Chromosome_idChromosome)
VALUES ("114", "rs361869", "16835031", "16835030", "-/T", "64", "2");
INSERT INTO Microindel (idMicroindel, Name, Start, End, Info, Gene_idGene, Chromosome_idChromosome)
VALUES ("115", "rs361903", "18718507", "18718506", "-/CGGAGCCAGAGGGCCGGGGGGTCCCACA", "65", "2");
INSERT INTO Microindel (idMicroindel, Name, Start, End, Info, Gene_idGene, Chromosome_idChromosome)
VALUES ("116", "rs361884", "20402803", "20402802", "-/AA/A", "30", "2");
INSERT INTO Microindel (idMicroindel, Name, Start, End, Info, Gene_idGene, Chromosome_idChromosome)
VALUES ("117", "rs361657", "20397072", "20397071", "-/TTTCTT", "30", "2");
INSERT INTO Microindel (idMicroindel, Name, Start, End, Info, Gene_idGene, Chromosome_idChromosome)
VALUES ("118", "rs1305050", "131594911", "131594910", "-/AACT/TAAC", "66", "1");
INSERT INTO Microindel (idMicroindel, Name, Start, End, Info, Gene_idGene, Chromosome_idChromosome)
VALUES ("119", "rs1305039", "6559178", "6559177", "-/CATA", "67", "9");
INSERT INTO Microindel (idMicroindel, Name, Start, End, Info, Gene_idGene, Chromosome_idChromosome)
VALUES ("120", "rs1305053", "102841049", "102841048", "-/TT", "68", "1");
INSERT INTO Microindel (idMicroindel, Name, Start, End, Info, Gene_idGene, Chromosome_idChromosome)
VALUES ("121", "rs361908", "20462277", "20462276", "-/AA/A", "69", "2");
INSERT INTO Microindel (idMicroindel, Name, Start, End, Info, Gene_idGene, Chromosome_idChromosome)
VALUES ("122", "rs1305054", "116394816", "116394815", "-/CCTACAAAACTACTGTAGTTTTT", "52", "1");
INSERT INTO Microindel (idMicroindel, Name, Start, End, Info, Gene_idGene, Chromosome_idChromosome)
VALUES ("123", "rs1305055", "98560999", "98560998", "-/AAAG", "14", "1");
INSERT INTO Microindel (idMicroindel, Name, Start, End, Info, Gene_idGene, Chromosome_idChromosome)
VALUES ("124", "rs361923", "20566563", "20566562", "-/CAG", "11", "2");
INSERT INTO Microindel (idMicroindel, Name, Start, End, Info, Gene_idGene, Chromosome_idChromosome)
VALUES ("125", "rs1305056", "156235247", "156235246", "-/CTACTGAT", "70", "1");
INSERT INTO Microindel (idMicroindel, Name, Start, End, Info, Gene_idGene, Chromosome_idChromosome)
VALUES ("126", "rs361677", "20872848", "20872847", "-/TTT/TTTT", "26", "2");
INSERT INTO Microindel (idMicroindel, Name, Start, End, Info, Gene_idGene, Chromosome_idChromosome)
VALUES ("127", "rs361690", "20595016", "20595015", "-/A", "7", "2");
INSERT INTO Microindel (idMicroindel, Name, Start, End, Info, Gene_idGene, Chromosome_idChromosome)
VALUES ("128", "rs361711", "18154624", "18154623", "-/TTTTTGT", "71", "2");
INSERT INTO Microindel (idMicroindel, Name, Start, End, Info, Gene_idGene, Chromosome_idChromosome)
VALUES ("129", "rs1305058", "68443039", "68443038", "-/GCTCCAGACATCTGGGGA/CTCCAGACATCTGGGGAG", "14", "1");
INSERT INTO Microindel (idMicroindel, Name, Start, End, Info, Gene_idGene, Chromosome_idChromosome)
VALUES ("130", "rs1305059", "90518788", "90518787", "-/TGACC", "72", "1");
INSERT INTO Microindel (idMicroindel, Name, Start, End, Info, Gene_idGene, Chromosome_idChromosome)
VALUES ("131", "rs363779", "97602951", "97602950", "-/ACAC", "18", "8");
INSERT INTO Microindel (idMicroindel, Name, Start, End, Info, Gene_idGene, Chromosome_idChromosome)
VALUES ("132", "rs361941", "20851191", "20851190", "-/CT", "8", "2");
INSERT INTO Microindel (idMicroindel, Name, Start, End, Info, Gene_idGene, Chromosome_idChromosome)
VALUES ("133", "rs361943", "16853013", "16853012", "-/A", "73", "2");
INSERT INTO Microindel (idMicroindel, Name, Start, End, Info, Gene_idGene, Chromosome_idChromosome)
VALUES ("134", "rs362081", "18098769", "18098768", "-/TA", "74", "2");
INSERT INTO Microindel (idMicroindel, Name, Start, End, Info, Gene_idGene, Chromosome_idChromosome)
VALUES ("135", "rs361504", "93347441", "93347440", "-/A", "75", "9");
INSERT INTO Microindel (idMicroindel, Name, Start, End, Info, Gene_idGene, Chromosome_idChromosome)
VALUES ("136", "rs361699", "19954220", "19954219", "-/A", "2", "2");
INSERT INTO Microindel (idMicroindel, Name, Start, End, Info, Gene_idGene, Chromosome_idChromosome)
VALUES ("137", "rs361719", "16685334", "16685333", "-/AATA/AATAAATA", "76", "2");
INSERT INTO Microindel (idMicroindel, Name, Start, End, Info, Gene_idGene, Chromosome_idChromosome)
VALUES ("138", "rs362104", "22435667", "22435666", "-/A", "77", "5");
INSERT INTO Microindel (idMicroindel, Name, Start, End, Info, Gene_idGene, Chromosome_idChromosome)
VALUES ("139", "rs1160845", "125673143", "125673142", "-/CCT", "14", "8");
INSERT INTO Microindel (idMicroindel, Name, Start, End, Info, Gene_idGene, Chromosome_idChromosome)
VALUES ("140", "rs361962", "20833658", "20833657", "-/GT/GTTTTT/TTTTG/TTTTTTTTT", "8", "2");
INSERT INTO Microindel (idMicroindel, Name, Start, End, Info, Gene_idGene, Chromosome_idChromosome)
VALUES ("141", "rs1160846", "141249660", "141249659", "-/CTTGTG", "78", "17");
INSERT INTO Microindel (idMicroindel, Name, Start, End, Info, Gene_idGene, Chromosome_idChromosome)
VALUES ("142", "rs1160860", "10402207", "10402206", "-/GA", "79", "9");
INSERT INTO Microindel (idMicroindel, Name, Start, End, Info, Gene_idGene, Chromosome_idChromosome)
VALUES ("143", "rs1160847", "11522624", "11522623", "-/TAAAA", "80", "17");
INSERT INTO Microindel (idMicroindel, Name, Start, End, Info, Gene_idGene, Chromosome_idChromosome)
VALUES ("144", "rs362121", "18850928", "18850927", "-/A", "81", "2");
INSERT INTO Microindel (idMicroindel, Name, Start, End, Info, Gene_idGene, Chromosome_idChromosome)
VALUES ("145", "rs361523", "13289793", "13289792", "-/A", "82", "9");
INSERT INTO Microindel (idMicroindel, Name, Start, End, Info, Gene_idGene, Chromosome_idChromosome)
VALUES ("146", "rs1160861", "52620988", "52620987", "-/CT", "14", "9");
INSERT INTO Microindel (idMicroindel, Name, Start, End, Info, Gene_idGene, Chromosome_idChromosome)
VALUES ("147", "rs1160848", "3678761", "3678760", "-/GCCCC", "83", "15");
INSERT INTO Microindel (idMicroindel, Name, Start, End, Info, Gene_idGene, Chromosome_idChromosome)
VALUES ("148", "rs362122", "20886120", "20886119", "-/TT", "24", "2");
INSERT INTO Microindel (idMicroindel, Name, Start, End, Info, Gene_idGene, Chromosome_idChromosome)
VALUES ("149", "rs1160849", "142790939", "142790938", "-/TATA", "84", "9");
INSERT INTO Microindel (idMicroindel, Name, Start, End, Info, Gene_idGene, Chromosome_idChromosome)
VALUES ("150", "rs362123", "18092834", "18092833", "-/G", "16", "2");
INSERT INTO Microindel (idMicroindel, Name, Start, End, Info, Gene_idGene, Chromosome_idChromosome)
VALUES ("151", "rs1160863", "41417424", "41417423", "-/TA", "85", "15");
INSERT INTO Microindel (idMicroindel, Name, Start, End, Info, Gene_idGene, Chromosome_idChromosome)
VALUES ("152", "rs361967", "20482748", "20482747", "-/T", "86", "2");
INSERT INTO Microindel (idMicroindel, Name, Start, End, Info, Gene_idGene, Chromosome_idChromosome)
VALUES ("153", "rs1160864", "40101530", "40101529", "-/TC", "87", "12");
INSERT INTO Microindel (idMicroindel, Name, Start, End, Info, Gene_idGene, Chromosome_idChromosome)
VALUES ("154", "rs1143705", "45887947", "45887946", "-/TGTT/TTGTT", "88", "17");
INSERT INTO Microindel (idMicroindel, Name, Start, End, Info, Gene_idGene, Chromosome_idChromosome)
VALUES ("155", "rs361968", "20842824", "20842823", "-/C", "8", "2");
INSERT INTO Microindel (idMicroindel, Name, Start, End, Info, Gene_idGene, Chromosome_idChromosome)
VALUES ("156", "rs361527", "33205592", "33205591", "-/TCAACATTTAT", "89", "18");
INSERT INTO Microindel (idMicroindel, Name, Start, End, Info, Gene_idGene, Chromosome_idChromosome)
VALUES ("157", "rs1160865", "50602735", "50602734", "-/CCAGTC", "90", "9");
INSERT INTO Microindel (idMicroindel, Name, Start, End, Info, Gene_idGene, Chromosome_idChromosome)
VALUES ("158", "rs1160866", "85142666", "85142665", "-/CTT/TTC", "14", "9");
INSERT INTO Microindel (idMicroindel, Name, Start, End, Info, Gene_idGene, Chromosome_idChromosome)
VALUES ("159", "rs362140", "20830356", "20830355", "-/CATA", "8", "2");
INSERT INTO Microindel (idMicroindel, Name, Start, End, Info, Gene_idGene, Chromosome_idChromosome)
VALUES ("160", "rs362127", "18154615", "18154614", "-/GGTA/T", "71", "2");
INSERT INTO Microindel (idMicroindel, Name, Start, End, Info, Gene_idGene, Chromosome_idChromosome)
VALUES ("161", "rs361756", "20884794", "20884793", "-/TTTTG", "24", "2");
INSERT INTO Microindel (idMicroindel, Name, Start, End, Info, Gene_idGene, Chromosome_idChromosome)
VALUES ("162", "rs1160880", "70751060", "70751059", "-/TCTA", "91", "7");
INSERT INTO Microindel (idMicroindel, Name, Start, End, Info, Gene_idGene, Chromosome_idChromosome)
VALUES ("163", "rs1160867", "42929214", "42929213", "-/CTC/CT", "92", "9");
INSERT INTO Microindel (idMicroindel, Name, Start, End, Info, Gene_idGene, Chromosome_idChromosome)
VALUES ("164", "rs361770", "18849022", "18849021", "-/T", "93", "2");
INSERT INTO Microindel (idMicroindel, Name, Start, End, Info, Gene_idGene, Chromosome_idChromosome)
VALUES ("165", "rs1160901", "7680212", "7680211", "-/ACA", "94", "10");
INSERT INTO Microindel (idMicroindel, Name, Start, End, Info, Gene_idGene, Chromosome_idChromosome)
VALUES ("166", "rs470063", "44816166", "44816165", "-/AT", "95", "2");
INSERT INTO Microindel (idMicroindel, Name, Start, End, Info, Gene_idGene, Chromosome_idChromosome)
VALUES ("167", "rs362143", "18093563", "18093562", "-/A", "16", "2");
INSERT INTO Microindel (idMicroindel, Name, Start, End, Info, Gene_idGene, Chromosome_idChromosome)
VALUES ("168", "rs361772", "18103113", "18103112", "-/A/AAA/AAAA", "74", "2");
INSERT INTO Microindel (idMicroindel, Name, Start, End, Info, Gene_idGene, Chromosome_idChromosome)
VALUES ("169", "rs1160904", "77587966", "77587965", "-/AAT", "14", "19");
INSERT INTO Microindel (idMicroindel, Name, Start, End, Info, Gene_idGene, Chromosome_idChromosome)
VALUES ("170", "rs362145", "20469779", "20469778", "-/TT/T", "69", "2");
INSERT INTO Microindel (idMicroindel, Name, Start, End, Info, Gene_idGene, Chromosome_idChromosome)
VALUES ("171", "rs361774", "20470799", "20470798", "-/GATG/TATG", "96", "2");
INSERT INTO Microindel (idMicroindel, Name, Start, End, Info, Gene_idGene, Chromosome_idChromosome)
VALUES ("172", "rs361560", "18132284", "18132283", "-/TTTG", "17", "2");
INSERT INTO Microindel (idMicroindel, Name, Start, End, Info, Gene_idGene, Chromosome_idChromosome)
VALUES ("173", "rs1160885", "26843945", "26843944", "-/GAT/TGA", "14", "2");
INSERT INTO Microindel (idMicroindel, Name, Start, End, Info, Gene_idGene, Chromosome_idChromosome)
VALUES ("174", "rs1160906", "185589630", "185589629", "-/AACTC", "97", "6");
INSERT INTO Microindel (idMicroindel, Name, Start, End, Info, Gene_idGene, Chromosome_idChromosome)
VALUES ("175", "rs361549", "19958723", "19958722", "-/A", "2", "2");
INSERT INTO Microindel (idMicroindel, Name, Start, End, Info, Gene_idGene, Chromosome_idChromosome)
VALUES ("176", "rs1160920", "173055380", "173055379", "-/CA", "98", "1");
INSERT INTO Microindel (idMicroindel, Name, Start, End, Info, Gene_idGene, Chromosome_idChromosome)
VALUES ("177", "rs1160907", "22226456", "22226455", "-/GA", "14", "18");
INSERT INTO Microindel (idMicroindel, Name, Start, End, Info, Gene_idGene, Chromosome_idChromosome)
VALUES ("178", "rs1160921", "98605679", "98605678", "-/TT", "14", "1");
INSERT INTO Microindel (idMicroindel, Name, Start, End, Info, Gene_idGene, Chromosome_idChromosome)
VALUES ("179", "rs1160888", "87296446", "87296445", "-/CAAA/AAAC", "14", "18");
INSERT INTO Microindel (idMicroindel, Name, Start, End, Info, Gene_idGene, Chromosome_idChromosome)
VALUES ("180", "rs1160922", "180846616", "180846615", "-/CT", "99", "1");
INSERT INTO Microindel (idMicroindel, Name, Start, End, Info, Gene_idGene, Chromosome_idChromosome)
VALUES ("181", "rs1160909", "40299126", "40299125", "-/GTCA", "14", "7");
INSERT INTO Microindel (idMicroindel, Name, Start, End, Info, Gene_idGene, Chromosome_idChromosome)
VALUES ("182", "rs1160889", "45401856", "45401855", "-/AGAA/CAGA/AGA", "100", "2");
INSERT INTO Microindel (idMicroindel, Name, Start, End, Info, Gene_idGene, Chromosome_idChromosome)
VALUES ("183", "rs1160923", "169539293", "169539292", "-/AG", "14", "1");
INSERT INTO Microindel (idMicroindel, Name, Start, End, Info, Gene_idGene, Chromosome_idChromosome)
VALUES ("184", "rs1160924", "175350398", "175350397", "-/A/AG", "14", "1");
INSERT INTO Microindel (idMicroindel, Name, Start, End, Info, Gene_idGene, Chromosome_idChromosome)
VALUES ("185", "rs1160926", "141089380", "141089379", "-/AT", "101", "1");
INSERT INTO Microindel (idMicroindel, Name, Start, End, Info, Gene_idGene, Chromosome_idChromosome)
VALUES ("186", "rs1160940", "175349304", "175349303", "-/CCT", "14", "1");
INSERT INTO Microindel (idMicroindel, Name, Start, End, Info, Gene_idGene, Chromosome_idChromosome)
VALUES ("187", "rs1160927", "179840473", "179840472", "-/CA", "102", "1");
INSERT INTO Microindel (idMicroindel, Name, Start, End, Info, Gene_idGene, Chromosome_idChromosome)
VALUES ("188", "rs1160941", "157194955", "157194954", "-/GCTTTT", "103", "1");
INSERT INTO Microindel (idMicroindel, Name, Start, End, Info, Gene_idGene, Chromosome_idChromosome)
VALUES ("189", "rs361831", "20897527", "20897526", "-/A", "14", "2");
INSERT INTO Microindel (idMicroindel, Name, Start, End, Info, Gene_idGene, Chromosome_idChromosome)
VALUES ("190", "rs866904", "122713975", "122713974", "-/G", "104", "20");
INSERT INTO Microindel (idMicroindel, Name, Start, End, Info, Gene_idGene, Chromosome_idChromosome)
VALUES ("191", "rs1160942", "156708665", "156708664", "-/TTGT", "105", "1");
INSERT INTO Microindel (idMicroindel, Name, Start, End, Info, Gene_idGene, Chromosome_idChromosome)
VALUES ("192", "rs1160929", "171750455", "171750454", "-/CT", "14", "1");
INSERT INTO Microindel (idMicroindel, Name, Start, End, Info, Gene_idGene, Chromosome_idChromosome)
VALUES ("193", "rs361832", "16865721", "16865720", "-/G", "106", "2");
INSERT INTO Microindel (idMicroindel, Name, Start, End, Info, Gene_idGene, Chromosome_idChromosome)
VALUES ("194", "rs361819", "20594226", "20594225", "-/G", "7", "2");
INSERT INTO Microindel (idMicroindel, Name, Start, End, Info, Gene_idGene, Chromosome_idChromosome)
VALUES ("195", "rs361833", "16877499", "16877498", "-/AGGA/GGA", "107", "2");
INSERT INTO Microindel (idMicroindel, Name, Start, End, Info, Gene_idGene, Chromosome_idChromosome)
VALUES ("196", "rs1160945", "54189646", "54189645", "-/CCT", "108", "18");
INSERT INTO Microindel (idMicroindel, Name, Start, End, Info, Gene_idGene, Chromosome_idChromosome)
VALUES ("197", "rs362186", "20868616", "20868615", "-/A", "26", "2");
INSERT INTO ClinicalSignificance (idClinicalSignificance, Value)
VALUES ("1", "-");
INSERT INTO ClinicalSignificance (idClinicalSignificance, Value)
VALUES ("2", "benign");
INSERT INTO Disease (idDisease, DiseaseName, idMIM)
VALUES ("1", "-", "-");
INSERT INTO Disease (idDisease, DiseaseName, idMIM)
VALUES ("2", "ZELLWEGER SYNDROME", "-");
INSERT INTO Reference (idReference, PMID, DB)
VALUES ("1", "-", "dbSNP");
INSERT INTO Reference (idReference, PMID, DB)
VALUES ("2", "26837816", "dbSNP");
INSERT INTO Reference (idReference, PMID, DB)
VALUES ("3", "24416183", "dbSNP");
INSERT INTO Reference (idReference, PMID, DB)
VALUES ("4", "22272242", "dbSNP");
INSERT INTO Reference (idReference, PMID, DB)
VALUES ("5", "17997390", "dbSNP");
INSERT INTO Reference (idReference, PMID, DB)
VALUES ("6", "21285523", "dbSNP");
INSERT INTO Reference (idReference, PMID, DB)
VALUES ("7", "23690203", "dbSNP");
INSERT INTO Reference (idReference, PMID, DB)
VALUES ("8", "19515250", "dbSNP");
INSERT INTO Reference (idReference, PMID, DB)
VALUES ("9", "16039051", "dbSNP");
INSERT INTO Microindel_has_Reference (Microindel_idMicroindel, Reference_idReference)
VALUES ("1", "1");
INSERT INTO Microindel_has_Reference (Microindel_idMicroindel, Reference_idReference)
VALUES ("2", "1");
INSERT INTO Microindel_has_Reference (Microindel_idMicroindel, Reference_idReference)
VALUES ("3", "1");
INSERT INTO Microindel_has_Reference (Microindel_idMicroindel, Reference_idReference)
VALUES ("4", "1");
INSERT INTO Microindel_has_Reference (Microindel_idMicroindel, Reference_idReference)
VALUES ("5", "1");
INSERT INTO Microindel_has_Reference (Microindel_idMicroindel, Reference_idReference)
VALUES ("6", "1");
INSERT INTO Microindel_has_Reference (Microindel_idMicroindel, Reference_idReference)
VALUES ("7", "2");
INSERT INTO Microindel_has_Reference (Microindel_idMicroindel, Reference_idReference)
VALUES ("8", "1");
INSERT INTO Microindel_has_Reference (Microindel_idMicroindel, Reference_idReference)
VALUES ("9", "1");
INSERT INTO Microindel_has_Reference (Microindel_idMicroindel, Reference_idReference)
VALUES ("10", "1");
INSERT INTO Microindel_has_Reference (Microindel_idMicroindel, Reference_idReference)
VALUES ("11", "1");
INSERT INTO Microindel_has_Reference (Microindel_idMicroindel, Reference_idReference)
VALUES ("12", "1");
INSERT INTO Microindel_has_Reference (Microindel_idMicroindel, Reference_idReference)
VALUES ("13", "1");
INSERT INTO Microindel_has_Reference (Microindel_idMicroindel, Reference_idReference)
VALUES ("14", "1");
INSERT INTO Microindel_has_Reference (Microindel_idMicroindel, Reference_idReference)
VALUES ("15", "1");
INSERT INTO Microindel_has_Reference (Microindel_idMicroindel, Reference_idReference)
VALUES ("16", "1");
INSERT INTO Microindel_has_Reference (Microindel_idMicroindel, Reference_idReference)
VALUES ("17", "1");
INSERT INTO Microindel_has_Reference (Microindel_idMicroindel, Reference_idReference)
VALUES ("18", "1");
INSERT INTO Microindel_has_Reference (Microindel_idMicroindel, Reference_idReference)
VALUES ("19", "1");
INSERT INTO Microindel_has_Reference (Microindel_idMicroindel, Reference_idReference)
VALUES ("20", "1");
INSERT INTO Microindel_has_Reference (Microindel_idMicroindel, Reference_idReference)
VALUES ("21", "1");
INSERT INTO Microindel_has_Reference (Microindel_idMicroindel, Reference_idReference)
VALUES ("22", "1");
INSERT INTO Microindel_has_Reference (Microindel_idMicroindel, Reference_idReference)
VALUES ("23", "1");
INSERT INTO Microindel_has_Reference (Microindel_idMicroindel, Reference_idReference)
VALUES ("24", "1");
INSERT INTO Microindel_has_Reference (Microindel_idMicroindel, Reference_idReference)
VALUES ("25", "1");
INSERT INTO Microindel_has_Reference (Microindel_idMicroindel, Reference_idReference)
VALUES ("26", "1");
INSERT INTO Microindel_has_Reference (Microindel_idMicroindel, Reference_idReference)
VALUES ("27", "1");
INSERT INTO Microindel_has_Reference (Microindel_idMicroindel, Reference_idReference)
VALUES ("28", "1");
INSERT INTO Microindel_has_Reference (Microindel_idMicroindel, Reference_idReference)
VALUES ("29", "1");
INSERT INTO Microindel_has_Reference (Microindel_idMicroindel, Reference_idReference)
VALUES ("30", "1");
INSERT INTO Microindel_has_Reference (Microindel_idMicroindel, Reference_idReference)
VALUES ("31", "3");
INSERT INTO Microindel_has_Reference (Microindel_idMicroindel, Reference_idReference)
VALUES ("32", "1");
INSERT INTO Microindel_has_Reference (Microindel_idMicroindel, Reference_idReference)
VALUES ("33", "1");
INSERT INTO Microindel_has_Reference (Microindel_idMicroindel, Reference_idReference)
VALUES ("34", "1");
INSERT INTO Microindel_has_Reference (Microindel_idMicroindel, Reference_idReference)
VALUES ("35", "1");
INSERT INTO Microindel_has_Reference (Microindel_idMicroindel, Reference_idReference)
VALUES ("36", "1");
INSERT INTO Microindel_has_Reference (Microindel_idMicroindel, Reference_idReference)
VALUES ("37", "1");
INSERT INTO Microindel_has_Reference (Microindel_idMicroindel, Reference_idReference)
VALUES ("38", "1");
INSERT INTO Microindel_has_Reference (Microindel_idMicroindel, Reference_idReference)
VALUES ("39", "1");
INSERT INTO Microindel_has_Reference (Microindel_idMicroindel, Reference_idReference)
VALUES ("40", "1");
INSERT INTO Microindel_has_Reference (Microindel_idMicroindel, Reference_idReference)
VALUES ("41", "1");
INSERT INTO Microindel_has_Reference (Microindel_idMicroindel, Reference_idReference)
VALUES ("42", "4");
INSERT INTO Microindel_has_Reference (Microindel_idMicroindel, Reference_idReference)
VALUES ("43", "1");
INSERT INTO Microindel_has_Reference (Microindel_idMicroindel, Reference_idReference)
VALUES ("44", "1");
INSERT INTO Microindel_has_Reference (Microindel_idMicroindel, Reference_idReference)
VALUES ("45", "1");
INSERT INTO Microindel_has_Reference (Microindel_idMicroindel, Reference_idReference)
VALUES ("46", "1");
INSERT INTO Microindel_has_Reference (Microindel_idMicroindel, Reference_idReference)
VALUES ("47", "1");
INSERT INTO Microindel_has_Reference (Microindel_idMicroindel, Reference_idReference)
VALUES ("48", "1");
INSERT INTO Microindel_has_Reference (Microindel_idMicroindel, Reference_idReference)
VALUES ("49", "1");
INSERT INTO Microindel_has_Reference (Microindel_idMicroindel, Reference_idReference)
VALUES ("50", "1");
INSERT INTO Microindel_has_Reference (Microindel_idMicroindel, Reference_idReference)
VALUES ("51", "1");
INSERT INTO Microindel_has_Reference (Microindel_idMicroindel, Reference_idReference)
VALUES ("52", "1");
INSERT INTO Microindel_has_Reference (Microindel_idMicroindel, Reference_idReference)
VALUES ("53", "1");
INSERT INTO Microindel_has_Reference (Microindel_idMicroindel, Reference_idReference)
VALUES ("54", "1");
INSERT INTO Microindel_has_Reference (Microindel_idMicroindel, Reference_idReference)
VALUES ("55", "1");
INSERT INTO Microindel_has_Reference (Microindel_idMicroindel, Reference_idReference)
VALUES ("56", "1");
INSERT INTO Microindel_has_Reference (Microindel_idMicroindel, Reference_idReference)
VALUES ("57", "1");
INSERT INTO Microindel_has_Reference (Microindel_idMicroindel, Reference_idReference)
VALUES ("58", "1");
INSERT INTO Microindel_has_Reference (Microindel_idMicroindel, Reference_idReference)
VALUES ("59", "1");
INSERT INTO Microindel_has_Reference (Microindel_idMicroindel, Reference_idReference)
VALUES ("60", "1");
INSERT INTO Microindel_has_Reference (Microindel_idMicroindel, Reference_idReference)
VALUES ("61", "1");
INSERT INTO Microindel_has_Reference (Microindel_idMicroindel, Reference_idReference)
VALUES ("62", "1");
INSERT INTO Microindel_has_Reference (Microindel_idMicroindel, Reference_idReference)
VALUES ("63", "1");
INSERT INTO Microindel_has_Reference (Microindel_idMicroindel, Reference_idReference)
VALUES ("64", "1");
INSERT INTO Microindel_has_Reference (Microindel_idMicroindel, Reference_idReference)
VALUES ("65", "1");
INSERT INTO Microindel_has_Reference (Microindel_idMicroindel, Reference_idReference)
VALUES ("66", "1");
INSERT INTO Microindel_has_Reference (Microindel_idMicroindel, Reference_idReference)
VALUES ("67", "1");
INSERT INTO Microindel_has_Reference (Microindel_idMicroindel, Reference_idReference)
VALUES ("68", "1");
INSERT INTO Microindel_has_Reference (Microindel_idMicroindel, Reference_idReference)
VALUES ("69", "4");
INSERT INTO Microindel_has_Reference (Microindel_idMicroindel, Reference_idReference)
VALUES ("70", "1");
INSERT INTO Microindel_has_Reference (Microindel_idMicroindel, Reference_idReference)
VALUES ("71", "1");
INSERT INTO Microindel_has_Reference (Microindel_idMicroindel, Reference_idReference)
VALUES ("72", "1");
INSERT INTO Microindel_has_Reference (Microindel_idMicroindel, Reference_idReference)
VALUES ("73", "1");
INSERT INTO Microindel_has_Reference (Microindel_idMicroindel, Reference_idReference)
VALUES ("74", "1");
INSERT INTO Microindel_has_Reference (Microindel_idMicroindel, Reference_idReference)
VALUES ("75", "1");
INSERT INTO Microindel_has_Reference (Microindel_idMicroindel, Reference_idReference)
VALUES ("76", "1");
INSERT INTO Microindel_has_Reference (Microindel_idMicroindel, Reference_idReference)
VALUES ("77", "1");
INSERT INTO Microindel_has_Reference (Microindel_idMicroindel, Reference_idReference)
VALUES ("78", "1");
INSERT INTO Microindel_has_Reference (Microindel_idMicroindel, Reference_idReference)
VALUES ("79", "1");
INSERT INTO Microindel_has_Reference (Microindel_idMicroindel, Reference_idReference)
VALUES ("80", "1");
INSERT INTO Microindel_has_Reference (Microindel_idMicroindel, Reference_idReference)
VALUES ("81", "1");
INSERT INTO Microindel_has_Reference (Microindel_idMicroindel, Reference_idReference)
VALUES ("82", "1");
INSERT INTO Microindel_has_Reference (Microindel_idMicroindel, Reference_idReference)
VALUES ("83", "1");
INSERT INTO Microindel_has_Reference (Microindel_idMicroindel, Reference_idReference)
VALUES ("84", "1");
INSERT INTO Microindel_has_Reference (Microindel_idMicroindel, Reference_idReference)
VALUES ("85", "1");
INSERT INTO Microindel_has_Reference (Microindel_idMicroindel, Reference_idReference)
VALUES ("86", "1");
INSERT INTO Microindel_has_Reference (Microindel_idMicroindel, Reference_idReference)
VALUES ("87", "1");
INSERT INTO Microindel_has_Reference (Microindel_idMicroindel, Reference_idReference)
VALUES ("88", "1");
INSERT INTO Microindel_has_Reference (Microindel_idMicroindel, Reference_idReference)
VALUES ("89", "1");
INSERT INTO Microindel_has_Reference (Microindel_idMicroindel, Reference_idReference)
VALUES ("90", "1");
INSERT INTO Microindel_has_Reference (Microindel_idMicroindel, Reference_idReference)
VALUES ("91", "1");
INSERT INTO Microindel_has_Reference (Microindel_idMicroindel, Reference_idReference)
VALUES ("92", "1");
INSERT INTO Microindel_has_Reference (Microindel_idMicroindel, Reference_idReference)
VALUES ("93", "1");
INSERT INTO Microindel_has_Reference (Microindel_idMicroindel, Reference_idReference)
VALUES ("94", "1");
INSERT INTO Microindel_has_Reference (Microindel_idMicroindel, Reference_idReference)
VALUES ("95", "1");
INSERT INTO Microindel_has_Reference (Microindel_idMicroindel, Reference_idReference)
VALUES ("96", "1");
INSERT INTO Microindel_has_Reference (Microindel_idMicroindel, Reference_idReference)
VALUES ("97", "1");
INSERT INTO Microindel_has_Reference (Microindel_idMicroindel, Reference_idReference)
VALUES ("98", "1");
INSERT INTO Microindel_has_Reference (Microindel_idMicroindel, Reference_idReference)
VALUES ("99", "1");
INSERT INTO Microindel_has_Reference (Microindel_idMicroindel, Reference_idReference)
VALUES ("100", "1");
INSERT INTO Microindel_has_Reference (Microindel_idMicroindel, Reference_idReference)
VALUES ("101", "1");
INSERT INTO Microindel_has_Reference (Microindel_idMicroindel, Reference_idReference)
VALUES ("102", "1");
INSERT INTO Microindel_has_Reference (Microindel_idMicroindel, Reference_idReference)
VALUES ("103", "1");
INSERT INTO Microindel_has_Reference (Microindel_idMicroindel, Reference_idReference)
VALUES ("104", "1");
INSERT INTO Microindel_has_Reference (Microindel_idMicroindel, Reference_idReference)
VALUES ("105", "1");
INSERT INTO Microindel_has_Reference (Microindel_idMicroindel, Reference_idReference)
VALUES ("106", "1");
INSERT INTO Microindel_has_Reference (Microindel_idMicroindel, Reference_idReference)
VALUES ("107", "1");
INSERT INTO Microindel_has_Reference (Microindel_idMicroindel, Reference_idReference)
VALUES ("108", "1");
INSERT INTO Microindel_has_Reference (Microindel_idMicroindel, Reference_idReference)
VALUES ("109", "5");
INSERT INTO Microindel_has_Reference (Microindel_idMicroindel, Reference_idReference)
VALUES ("110", "1");
INSERT INTO Microindel_has_Reference (Microindel_idMicroindel, Reference_idReference)
VALUES ("111", "6");
INSERT INTO Microindel_has_Reference (Microindel_idMicroindel, Reference_idReference)
VALUES ("112", "1");
INSERT INTO Microindel_has_Reference (Microindel_idMicroindel, Reference_idReference)
VALUES ("113", "1");
INSERT INTO Microindel_has_Reference (Microindel_idMicroindel, Reference_idReference)
VALUES ("114", "1");
INSERT INTO Microindel_has_Reference (Microindel_idMicroindel, Reference_idReference)
VALUES ("115", "1");
INSERT INTO Microindel_has_Reference (Microindel_idMicroindel, Reference_idReference)
VALUES ("116", "1");
INSERT INTO Microindel_has_Reference (Microindel_idMicroindel, Reference_idReference)
VALUES ("117", "1");
INSERT INTO Microindel_has_Reference (Microindel_idMicroindel, Reference_idReference)
VALUES ("118", "1");
INSERT INTO Microindel_has_Reference (Microindel_idMicroindel, Reference_idReference)
VALUES ("119", "1");
INSERT INTO Microindel_has_Reference (Microindel_idMicroindel, Reference_idReference)
VALUES ("120", "1");
INSERT INTO Microindel_has_Reference (Microindel_idMicroindel, Reference_idReference)
VALUES ("121", "1");
INSERT INTO Microindel_has_Reference (Microindel_idMicroindel, Reference_idReference)
VALUES ("122", "1");
INSERT INTO Microindel_has_Reference (Microindel_idMicroindel, Reference_idReference)
VALUES ("123", "1");
INSERT INTO Microindel_has_Reference (Microindel_idMicroindel, Reference_idReference)
VALUES ("124", "1");
INSERT INTO Microindel_has_Reference (Microindel_idMicroindel, Reference_idReference)
VALUES ("125", "7");
INSERT INTO Microindel_has_Reference (Microindel_idMicroindel, Reference_idReference)
VALUES ("126", "1");
INSERT INTO Microindel_has_Reference (Microindel_idMicroindel, Reference_idReference)
VALUES ("127", "1");
INSERT INTO Microindel_has_Reference (Microindel_idMicroindel, Reference_idReference)
VALUES ("128", "1");
INSERT INTO Microindel_has_Reference (Microindel_idMicroindel, Reference_idReference)
VALUES ("129", "8");
INSERT INTO Microindel_has_Reference (Microindel_idMicroindel, Reference_idReference)
VALUES ("130", "1");
INSERT INTO Microindel_has_Reference (Microindel_idMicroindel, Reference_idReference)
VALUES ("131", "1");
INSERT INTO Microindel_has_Reference (Microindel_idMicroindel, Reference_idReference)
VALUES ("132", "1");
INSERT INTO Microindel_has_Reference (Microindel_idMicroindel, Reference_idReference)
VALUES ("133", "1");
INSERT INTO Microindel_has_Reference (Microindel_idMicroindel, Reference_idReference)
VALUES ("134", "1");
INSERT INTO Microindel_has_Reference (Microindel_idMicroindel, Reference_idReference)
VALUES ("135", "1");
INSERT INTO Microindel_has_Reference (Microindel_idMicroindel, Reference_idReference)
VALUES ("136", "1");
INSERT INTO Microindel_has_Reference (Microindel_idMicroindel, Reference_idReference)
VALUES ("137", "1");
INSERT INTO Microindel_has_Reference (Microindel_idMicroindel, Reference_idReference)
VALUES ("138", "1");
INSERT INTO Microindel_has_Reference (Microindel_idMicroindel, Reference_idReference)
VALUES ("139", "1");
INSERT INTO Microindel_has_Reference (Microindel_idMicroindel, Reference_idReference)
VALUES ("140", "1");
INSERT INTO Microindel_has_Reference (Microindel_idMicroindel, Reference_idReference)
VALUES ("141", "1");
INSERT INTO Microindel_has_Reference (Microindel_idMicroindel, Reference_idReference)
VALUES ("142", "1");
INSERT INTO Microindel_has_Reference (Microindel_idMicroindel, Reference_idReference)
VALUES ("143", "1");
INSERT INTO Microindel_has_Reference (Microindel_idMicroindel, Reference_idReference)
VALUES ("144", "1");
INSERT INTO Microindel_has_Reference (Microindel_idMicroindel, Reference_idReference)
VALUES ("145", "1");
INSERT INTO Microindel_has_Reference (Microindel_idMicroindel, Reference_idReference)
VALUES ("146", "1");
INSERT INTO Microindel_has_Reference (Microindel_idMicroindel, Reference_idReference)
VALUES ("147", "1");
INSERT INTO Microindel_has_Reference (Microindel_idMicroindel, Reference_idReference)
VALUES ("148", "1");
INSERT INTO Microindel_has_Reference (Microindel_idMicroindel, Reference_idReference)
VALUES ("149", "1");
INSERT INTO Microindel_has_Reference (Microindel_idMicroindel, Reference_idReference)
VALUES ("150", "1");
INSERT INTO Microindel_has_Reference (Microindel_idMicroindel, Reference_idReference)
VALUES ("151", "1");
INSERT INTO Microindel_has_Reference (Microindel_idMicroindel, Reference_idReference)
VALUES ("152", "1");
INSERT INTO Microindel_has_Reference (Microindel_idMicroindel, Reference_idReference)
VALUES ("153", "1");
INSERT INTO Microindel_has_Reference (Microindel_idMicroindel, Reference_idReference)
VALUES ("154", "1");
INSERT INTO Microindel_has_Reference (Microindel_idMicroindel, Reference_idReference)
VALUES ("155", "1");
INSERT INTO Microindel_has_Reference (Microindel_idMicroindel, Reference_idReference)
VALUES ("156", "1");
INSERT INTO Microindel_has_Reference (Microindel_idMicroindel, Reference_idReference)
VALUES ("157", "1");
INSERT INTO Microindel_has_Reference (Microindel_idMicroindel, Reference_idReference)
VALUES ("158", "1");
INSERT INTO Microindel_has_Reference (Microindel_idMicroindel, Reference_idReference)
VALUES ("159", "1");
INSERT INTO Microindel_has_Reference (Microindel_idMicroindel, Reference_idReference)
VALUES ("160", "1");
INSERT INTO Microindel_has_Reference (Microindel_idMicroindel, Reference_idReference)
VALUES ("161", "1");
INSERT INTO Microindel_has_Reference (Microindel_idMicroindel, Reference_idReference)
VALUES ("162", "1");
INSERT INTO Microindel_has_Reference (Microindel_idMicroindel, Reference_idReference)
VALUES ("163", "1");
INSERT INTO Microindel_has_Reference (Microindel_idMicroindel, Reference_idReference)
VALUES ("164", "1");
INSERT INTO Microindel_has_Reference (Microindel_idMicroindel, Reference_idReference)
VALUES ("165", "9");
INSERT INTO Microindel_has_Reference (Microindel_idMicroindel, Reference_idReference)
VALUES ("166", "1");
INSERT INTO Microindel_has_Reference (Microindel_idMicroindel, Reference_idReference)
VALUES ("167", "1");
INSERT INTO Microindel_has_Reference (Microindel_idMicroindel, Reference_idReference)
VALUES ("168", "1");
INSERT INTO Microindel_has_Reference (Microindel_idMicroindel, Reference_idReference)
VALUES ("169", "1");
INSERT INTO Microindel_has_Reference (Microindel_idMicroindel, Reference_idReference)
VALUES ("170", "1");
INSERT INTO Microindel_has_Reference (Microindel_idMicroindel, Reference_idReference)
VALUES ("171", "1");
INSERT INTO Microindel_has_Reference (Microindel_idMicroindel, Reference_idReference)
VALUES ("172", "1");
INSERT INTO Microindel_has_Reference (Microindel_idMicroindel, Reference_idReference)
VALUES ("173", "1");
INSERT INTO Microindel_has_Reference (Microindel_idMicroindel, Reference_idReference)
VALUES ("174", "1");
INSERT INTO Microindel_has_Reference (Microindel_idMicroindel, Reference_idReference)
VALUES ("175", "1");
INSERT INTO Microindel_has_Reference (Microindel_idMicroindel, Reference_idReference)
VALUES ("176", "1");
INSERT INTO Microindel_has_Reference (Microindel_idMicroindel, Reference_idReference)
VALUES ("177", "1");
INSERT INTO Microindel_has_Reference (Microindel_idMicroindel, Reference_idReference)
VALUES ("178", "1");
INSERT INTO Microindel_has_Reference (Microindel_idMicroindel, Reference_idReference)
VALUES ("179", "1");
INSERT INTO Microindel_has_Reference (Microindel_idMicroindel, Reference_idReference)
VALUES ("180", "1");
INSERT INTO Microindel_has_Reference (Microindel_idMicroindel, Reference_idReference)
VALUES ("181", "1");
INSERT INTO Microindel_has_Reference (Microindel_idMicroindel, Reference_idReference)
VALUES ("182", "1");
INSERT INTO Microindel_has_Reference (Microindel_idMicroindel, Reference_idReference)
VALUES ("183", "1");
INSERT INTO Microindel_has_Reference (Microindel_idMicroindel, Reference_idReference)
VALUES ("184", "1");
INSERT INTO Microindel_has_Reference (Microindel_idMicroindel, Reference_idReference)
VALUES ("185", "1");
INSERT INTO Microindel_has_Reference (Microindel_idMicroindel, Reference_idReference)
VALUES ("186", "1");
INSERT INTO Microindel_has_Reference (Microindel_idMicroindel, Reference_idReference)
VALUES ("187", "1");
INSERT INTO Microindel_has_Reference (Microindel_idMicroindel, Reference_idReference)
VALUES ("188", "1");
INSERT INTO Microindel_has_Reference (Microindel_idMicroindel, Reference_idReference)
VALUES ("189", "1");
INSERT INTO Microindel_has_Reference (Microindel_idMicroindel, Reference_idReference)
VALUES ("190", "1");
INSERT INTO Microindel_has_Reference (Microindel_idMicroindel, Reference_idReference)
VALUES ("191", "1");
INSERT INTO Microindel_has_Reference (Microindel_idMicroindel, Reference_idReference)
VALUES ("192", "1");
INSERT INTO Microindel_has_Reference (Microindel_idMicroindel, Reference_idReference)
VALUES ("193", "1");
INSERT INTO Microindel_has_Reference (Microindel_idMicroindel, Reference_idReference)
VALUES ("194", "1");
INSERT INTO Microindel_has_Reference (Microindel_idMicroindel, Reference_idReference)
VALUES ("195", "1");
INSERT INTO Microindel_has_Reference (Microindel_idMicroindel, Reference_idReference)
VALUES ("196", "1");
INSERT INTO Microindel_has_Reference (Microindel_idMicroindel, Reference_idReference)
VALUES ("197", "1");
INSERT INTO Microindel_has_ClinicalSignificance (Microindel_idMicroindel, ClinicalSignificance_idClinicalSignificance)
VALUES ("1", "1");
INSERT INTO Microindel_has_ClinicalSignificance (Microindel_idMicroindel, ClinicalSignificance_idClinicalSignificance)
VALUES ("2", "1");
INSERT INTO Microindel_has_ClinicalSignificance (Microindel_idMicroindel, ClinicalSignificance_idClinicalSignificance)
VALUES ("3", "1");
INSERT INTO Microindel_has_ClinicalSignificance (Microindel_idMicroindel, ClinicalSignificance_idClinicalSignificance)
VALUES ("4", "1");
INSERT INTO Microindel_has_ClinicalSignificance (Microindel_idMicroindel, ClinicalSignificance_idClinicalSignificance)
VALUES ("5", "1");
INSERT INTO Microindel_has_ClinicalSignificance (Microindel_idMicroindel, ClinicalSignificance_idClinicalSignificance)
VALUES ("6", "1");
INSERT INTO Microindel_has_ClinicalSignificance (Microindel_idMicroindel, ClinicalSignificance_idClinicalSignificance)
VALUES ("7", "1");
INSERT INTO Microindel_has_ClinicalSignificance (Microindel_idMicroindel, ClinicalSignificance_idClinicalSignificance)
VALUES ("8", "1");
INSERT INTO Microindel_has_ClinicalSignificance (Microindel_idMicroindel, ClinicalSignificance_idClinicalSignificance)
VALUES ("9", "1");
INSERT INTO Microindel_has_ClinicalSignificance (Microindel_idMicroindel, ClinicalSignificance_idClinicalSignificance)
VALUES ("10", "1");
INSERT INTO Microindel_has_ClinicalSignificance (Microindel_idMicroindel, ClinicalSignificance_idClinicalSignificance)
VALUES ("11", "1");
INSERT INTO Microindel_has_ClinicalSignificance (Microindel_idMicroindel, ClinicalSignificance_idClinicalSignificance)
VALUES ("12", "1");
INSERT INTO Microindel_has_ClinicalSignificance (Microindel_idMicroindel, ClinicalSignificance_idClinicalSignificance)
VALUES ("13", "1");
INSERT INTO Microindel_has_ClinicalSignificance (Microindel_idMicroindel, ClinicalSignificance_idClinicalSignificance)
VALUES ("14", "1");
INSERT INTO Microindel_has_ClinicalSignificance (Microindel_idMicroindel, ClinicalSignificance_idClinicalSignificance)
VALUES ("15", "1");
INSERT INTO Microindel_has_ClinicalSignificance (Microindel_idMicroindel, ClinicalSignificance_idClinicalSignificance)
VALUES ("16", "1");
INSERT INTO Microindel_has_ClinicalSignificance (Microindel_idMicroindel, ClinicalSignificance_idClinicalSignificance)
VALUES ("17", "1");
INSERT INTO Microindel_has_ClinicalSignificance (Microindel_idMicroindel, ClinicalSignificance_idClinicalSignificance)
VALUES ("18", "1");
INSERT INTO Microindel_has_ClinicalSignificance (Microindel_idMicroindel, ClinicalSignificance_idClinicalSignificance)
VALUES ("19", "1");
INSERT INTO Microindel_has_ClinicalSignificance (Microindel_idMicroindel, ClinicalSignificance_idClinicalSignificance)
VALUES ("20", "1");
INSERT INTO Microindel_has_ClinicalSignificance (Microindel_idMicroindel, ClinicalSignificance_idClinicalSignificance)
VALUES ("21", "1");
INSERT INTO Microindel_has_ClinicalSignificance (Microindel_idMicroindel, ClinicalSignificance_idClinicalSignificance)
VALUES ("22", "1");
INSERT INTO Microindel_has_ClinicalSignificance (Microindel_idMicroindel, ClinicalSignificance_idClinicalSignificance)
VALUES ("23", "1");
INSERT INTO Microindel_has_ClinicalSignificance (Microindel_idMicroindel, ClinicalSignificance_idClinicalSignificance)
VALUES ("24", "1");
INSERT INTO Microindel_has_ClinicalSignificance (Microindel_idMicroindel, ClinicalSignificance_idClinicalSignificance)
VALUES ("25", "1");
INSERT INTO Microindel_has_ClinicalSignificance (Microindel_idMicroindel, ClinicalSignificance_idClinicalSignificance)
VALUES ("26", "1");
INSERT INTO Microindel_has_ClinicalSignificance (Microindel_idMicroindel, ClinicalSignificance_idClinicalSignificance)
VALUES ("27", "1");
INSERT INTO Microindel_has_ClinicalSignificance (Microindel_idMicroindel, ClinicalSignificance_idClinicalSignificance)
VALUES ("28", "1");
INSERT INTO Microindel_has_ClinicalSignificance (Microindel_idMicroindel, ClinicalSignificance_idClinicalSignificance)
VALUES ("29", "1");
INSERT INTO Microindel_has_ClinicalSignificance (Microindel_idMicroindel, ClinicalSignificance_idClinicalSignificance)
VALUES ("30", "1");
INSERT INTO Microindel_has_ClinicalSignificance (Microindel_idMicroindel, ClinicalSignificance_idClinicalSignificance)
VALUES ("31", "1");
INSERT INTO Microindel_has_ClinicalSignificance (Microindel_idMicroindel, ClinicalSignificance_idClinicalSignificance)
VALUES ("32", "1");
INSERT INTO Microindel_has_ClinicalSignificance (Microindel_idMicroindel, ClinicalSignificance_idClinicalSignificance)
VALUES ("33", "1");
INSERT INTO Microindel_has_ClinicalSignificance (Microindel_idMicroindel, ClinicalSignificance_idClinicalSignificance)
VALUES ("34", "1");
INSERT INTO Microindel_has_ClinicalSignificance (Microindel_idMicroindel, ClinicalSignificance_idClinicalSignificance)
VALUES ("35", "1");
INSERT INTO Microindel_has_ClinicalSignificance (Microindel_idMicroindel, ClinicalSignificance_idClinicalSignificance)
VALUES ("36", "1");
INSERT INTO Microindel_has_ClinicalSignificance (Microindel_idMicroindel, ClinicalSignificance_idClinicalSignificance)
VALUES ("37", "1");
INSERT INTO Microindel_has_ClinicalSignificance (Microindel_idMicroindel, ClinicalSignificance_idClinicalSignificance)
VALUES ("38", "1");
INSERT INTO Microindel_has_ClinicalSignificance (Microindel_idMicroindel, ClinicalSignificance_idClinicalSignificance)
VALUES ("39", "1");
INSERT INTO Microindel_has_ClinicalSignificance (Microindel_idMicroindel, ClinicalSignificance_idClinicalSignificance)
VALUES ("40", "1");
INSERT INTO Microindel_has_ClinicalSignificance (Microindel_idMicroindel, ClinicalSignificance_idClinicalSignificance)
VALUES ("41", "1");
INSERT INTO Microindel_has_ClinicalSignificance (Microindel_idMicroindel, ClinicalSignificance_idClinicalSignificance)
VALUES ("42", "1");
INSERT INTO Microindel_has_ClinicalSignificance (Microindel_idMicroindel, ClinicalSignificance_idClinicalSignificance)
VALUES ("43", "1");
INSERT INTO Microindel_has_ClinicalSignificance (Microindel_idMicroindel, ClinicalSignificance_idClinicalSignificance)
VALUES ("44", "1");
INSERT INTO Microindel_has_ClinicalSignificance (Microindel_idMicroindel, ClinicalSignificance_idClinicalSignificance)
VALUES ("45", "1");
INSERT INTO Microindel_has_ClinicalSignificance (Microindel_idMicroindel, ClinicalSignificance_idClinicalSignificance)
VALUES ("46", "1");
INSERT INTO Microindel_has_ClinicalSignificance (Microindel_idMicroindel, ClinicalSignificance_idClinicalSignificance)
VALUES ("47", "1");
INSERT INTO Microindel_has_ClinicalSignificance (Microindel_idMicroindel, ClinicalSignificance_idClinicalSignificance)
VALUES ("48", "1");
INSERT INTO Microindel_has_ClinicalSignificance (Microindel_idMicroindel, ClinicalSignificance_idClinicalSignificance)
VALUES ("49", "1");
INSERT INTO Microindel_has_ClinicalSignificance (Microindel_idMicroindel, ClinicalSignificance_idClinicalSignificance)
VALUES ("50", "1");
INSERT INTO Microindel_has_ClinicalSignificance (Microindel_idMicroindel, ClinicalSignificance_idClinicalSignificance)
VALUES ("51", "1");
INSERT INTO Microindel_has_ClinicalSignificance (Microindel_idMicroindel, ClinicalSignificance_idClinicalSignificance)
VALUES ("52", "1");
INSERT INTO Microindel_has_ClinicalSignificance (Microindel_idMicroindel, ClinicalSignificance_idClinicalSignificance)
VALUES ("53", "1");
INSERT INTO Microindel_has_ClinicalSignificance (Microindel_idMicroindel, ClinicalSignificance_idClinicalSignificance)
VALUES ("54", "1");
INSERT INTO Microindel_has_ClinicalSignificance (Microindel_idMicroindel, ClinicalSignificance_idClinicalSignificance)
VALUES ("55", "1");
INSERT INTO Microindel_has_ClinicalSignificance (Microindel_idMicroindel, ClinicalSignificance_idClinicalSignificance)
VALUES ("56", "1");
INSERT INTO Microindel_has_ClinicalSignificance (Microindel_idMicroindel, ClinicalSignificance_idClinicalSignificance)
VALUES ("57", "1");
INSERT INTO Microindel_has_ClinicalSignificance (Microindel_idMicroindel, ClinicalSignificance_idClinicalSignificance)
VALUES ("58", "1");
INSERT INTO Microindel_has_ClinicalSignificance (Microindel_idMicroindel, ClinicalSignificance_idClinicalSignificance)
VALUES ("59", "1");
INSERT INTO Microindel_has_ClinicalSignificance (Microindel_idMicroindel, ClinicalSignificance_idClinicalSignificance)
VALUES ("60", "1");
INSERT INTO Microindel_has_ClinicalSignificance (Microindel_idMicroindel, ClinicalSignificance_idClinicalSignificance)
VALUES ("61", "1");
INSERT INTO Microindel_has_ClinicalSignificance (Microindel_idMicroindel, ClinicalSignificance_idClinicalSignificance)
VALUES ("62", "1");
INSERT INTO Microindel_has_ClinicalSignificance (Microindel_idMicroindel, ClinicalSignificance_idClinicalSignificance)
VALUES ("63", "1");
INSERT INTO Microindel_has_ClinicalSignificance (Microindel_idMicroindel, ClinicalSignificance_idClinicalSignificance)
VALUES ("64", "1");
INSERT INTO Microindel_has_ClinicalSignificance (Microindel_idMicroindel, ClinicalSignificance_idClinicalSignificance)
VALUES ("65", "1");
INSERT INTO Microindel_has_ClinicalSignificance (Microindel_idMicroindel, ClinicalSignificance_idClinicalSignificance)
VALUES ("66", "1");
INSERT INTO Microindel_has_ClinicalSignificance (Microindel_idMicroindel, ClinicalSignificance_idClinicalSignificance)
VALUES ("67", "1");
INSERT INTO Microindel_has_ClinicalSignificance (Microindel_idMicroindel, ClinicalSignificance_idClinicalSignificance)
VALUES ("68", "1");
INSERT INTO Microindel_has_ClinicalSignificance (Microindel_idMicroindel, ClinicalSignificance_idClinicalSignificance)
VALUES ("69", "1");
INSERT INTO Microindel_has_ClinicalSignificance (Microindel_idMicroindel, ClinicalSignificance_idClinicalSignificance)
VALUES ("70", "1");
INSERT INTO Microindel_has_ClinicalSignificance (Microindel_idMicroindel, ClinicalSignificance_idClinicalSignificance)
VALUES ("71", "1");
INSERT INTO Microindel_has_ClinicalSignificance (Microindel_idMicroindel, ClinicalSignificance_idClinicalSignificance)
VALUES ("72", "1");
INSERT INTO Microindel_has_ClinicalSignificance (Microindel_idMicroindel, ClinicalSignificance_idClinicalSignificance)
VALUES ("73", "1");
INSERT INTO Microindel_has_ClinicalSignificance (Microindel_idMicroindel, ClinicalSignificance_idClinicalSignificance)
VALUES ("74", "2");
INSERT INTO Microindel_has_ClinicalSignificance (Microindel_idMicroindel, ClinicalSignificance_idClinicalSignificance)
VALUES ("75", "1");
INSERT INTO Microindel_has_ClinicalSignificance (Microindel_idMicroindel, ClinicalSignificance_idClinicalSignificance)
VALUES ("76", "1");
INSERT INTO Microindel_has_ClinicalSignificance (Microindel_idMicroindel, ClinicalSignificance_idClinicalSignificance)
VALUES ("77", "1");
INSERT INTO Microindel_has_ClinicalSignificance (Microindel_idMicroindel, ClinicalSignificance_idClinicalSignificance)
VALUES ("78", "1");
INSERT INTO Microindel_has_ClinicalSignificance (Microindel_idMicroindel, ClinicalSignificance_idClinicalSignificance)
VALUES ("79", "1");
INSERT INTO Microindel_has_ClinicalSignificance (Microindel_idMicroindel, ClinicalSignificance_idClinicalSignificance)
VALUES ("80", "1");
INSERT INTO Microindel_has_ClinicalSignificance (Microindel_idMicroindel, ClinicalSignificance_idClinicalSignificance)
VALUES ("81", "1");
INSERT INTO Microindel_has_ClinicalSignificance (Microindel_idMicroindel, ClinicalSignificance_idClinicalSignificance)
VALUES ("82", "1");
INSERT INTO Microindel_has_ClinicalSignificance (Microindel_idMicroindel, ClinicalSignificance_idClinicalSignificance)
VALUES ("83", "1");
INSERT INTO Microindel_has_ClinicalSignificance (Microindel_idMicroindel, ClinicalSignificance_idClinicalSignificance)
VALUES ("84", "1");
INSERT INTO Microindel_has_ClinicalSignificance (Microindel_idMicroindel, ClinicalSignificance_idClinicalSignificance)
VALUES ("85", "1");
INSERT INTO Microindel_has_ClinicalSignificance (Microindel_idMicroindel, ClinicalSignificance_idClinicalSignificance)
VALUES ("86", "1");
INSERT INTO Microindel_has_ClinicalSignificance (Microindel_idMicroindel, ClinicalSignificance_idClinicalSignificance)
VALUES ("87", "1");
INSERT INTO Microindel_has_ClinicalSignificance (Microindel_idMicroindel, ClinicalSignificance_idClinicalSignificance)
VALUES ("88", "1");
INSERT INTO Microindel_has_ClinicalSignificance (Microindel_idMicroindel, ClinicalSignificance_idClinicalSignificance)
VALUES ("89", "1");
INSERT INTO Microindel_has_ClinicalSignificance (Microindel_idMicroindel, ClinicalSignificance_idClinicalSignificance)
VALUES ("90", "1");
INSERT INTO Microindel_has_ClinicalSignificance (Microindel_idMicroindel, ClinicalSignificance_idClinicalSignificance)
VALUES ("91", "1");
INSERT INTO Microindel_has_ClinicalSignificance (Microindel_idMicroindel, ClinicalSignificance_idClinicalSignificance)
VALUES ("92", "1");
INSERT INTO Microindel_has_ClinicalSignificance (Microindel_idMicroindel, ClinicalSignificance_idClinicalSignificance)
VALUES ("93", "1");
INSERT INTO Microindel_has_ClinicalSignificance (Microindel_idMicroindel, ClinicalSignificance_idClinicalSignificance)
VALUES ("94", "1");
INSERT INTO Microindel_has_ClinicalSignificance (Microindel_idMicroindel, ClinicalSignificance_idClinicalSignificance)
VALUES ("95", "1");
INSERT INTO Microindel_has_ClinicalSignificance (Microindel_idMicroindel, ClinicalSignificance_idClinicalSignificance)
VALUES ("96", "1");
INSERT INTO Microindel_has_ClinicalSignificance (Microindel_idMicroindel, ClinicalSignificance_idClinicalSignificance)
VALUES ("97", "1");
INSERT INTO Microindel_has_ClinicalSignificance (Microindel_idMicroindel, ClinicalSignificance_idClinicalSignificance)
VALUES ("98", "1");
INSERT INTO Microindel_has_ClinicalSignificance (Microindel_idMicroindel, ClinicalSignificance_idClinicalSignificance)
VALUES ("99", "1");
INSERT INTO Microindel_has_ClinicalSignificance (Microindel_idMicroindel, ClinicalSignificance_idClinicalSignificance)
VALUES ("100", "1");
INSERT INTO Microindel_has_ClinicalSignificance (Microindel_idMicroindel, ClinicalSignificance_idClinicalSignificance)
VALUES ("101", "1");
INSERT INTO Microindel_has_ClinicalSignificance (Microindel_idMicroindel, ClinicalSignificance_idClinicalSignificance)
VALUES ("102", "1");
INSERT INTO Microindel_has_ClinicalSignificance (Microindel_idMicroindel, ClinicalSignificance_idClinicalSignificance)
VALUES ("103", "1");
INSERT INTO Microindel_has_ClinicalSignificance (Microindel_idMicroindel, ClinicalSignificance_idClinicalSignificance)
VALUES ("104", "1");
INSERT INTO Microindel_has_ClinicalSignificance (Microindel_idMicroindel, ClinicalSignificance_idClinicalSignificance)
VALUES ("105", "1");
INSERT INTO Microindel_has_ClinicalSignificance (Microindel_idMicroindel, ClinicalSignificance_idClinicalSignificance)
VALUES ("106", "1");
INSERT INTO Microindel_has_ClinicalSignificance (Microindel_idMicroindel, ClinicalSignificance_idClinicalSignificance)
VALUES ("107", "1");
INSERT INTO Microindel_has_ClinicalSignificance (Microindel_idMicroindel, ClinicalSignificance_idClinicalSignificance)
VALUES ("108", "1");
INSERT INTO Microindel_has_ClinicalSignificance (Microindel_idMicroindel, ClinicalSignificance_idClinicalSignificance)
VALUES ("109", "1");
INSERT INTO Microindel_has_ClinicalSignificance (Microindel_idMicroindel, ClinicalSignificance_idClinicalSignificance)
VALUES ("110", "1");
INSERT INTO Microindel_has_ClinicalSignificance (Microindel_idMicroindel, ClinicalSignificance_idClinicalSignificance)
VALUES ("111", "1");
INSERT INTO Microindel_has_ClinicalSignificance (Microindel_idMicroindel, ClinicalSignificance_idClinicalSignificance)
VALUES ("112", "1");
INSERT INTO Microindel_has_ClinicalSignificance (Microindel_idMicroindel, ClinicalSignificance_idClinicalSignificance)
VALUES ("113", "1");
INSERT INTO Microindel_has_ClinicalSignificance (Microindel_idMicroindel, ClinicalSignificance_idClinicalSignificance)
VALUES ("114", "1");
INSERT INTO Microindel_has_ClinicalSignificance (Microindel_idMicroindel, ClinicalSignificance_idClinicalSignificance)
VALUES ("115", "1");
INSERT INTO Microindel_has_ClinicalSignificance (Microindel_idMicroindel, ClinicalSignificance_idClinicalSignificance)
VALUES ("116", "1");
INSERT INTO Microindel_has_ClinicalSignificance (Microindel_idMicroindel, ClinicalSignificance_idClinicalSignificance)
VALUES ("117", "1");
INSERT INTO Microindel_has_ClinicalSignificance (Microindel_idMicroindel, ClinicalSignificance_idClinicalSignificance)
VALUES ("118", "1");
INSERT INTO Microindel_has_ClinicalSignificance (Microindel_idMicroindel, ClinicalSignificance_idClinicalSignificance)
VALUES ("119", "1");
INSERT INTO Microindel_has_ClinicalSignificance (Microindel_idMicroindel, ClinicalSignificance_idClinicalSignificance)
VALUES ("120", "1");
INSERT INTO Microindel_has_ClinicalSignificance (Microindel_idMicroindel, ClinicalSignificance_idClinicalSignificance)
VALUES ("121", "1");
INSERT INTO Microindel_has_ClinicalSignificance (Microindel_idMicroindel, ClinicalSignificance_idClinicalSignificance)
VALUES ("122", "1");
INSERT INTO Microindel_has_ClinicalSignificance (Microindel_idMicroindel, ClinicalSignificance_idClinicalSignificance)
VALUES ("123", "1");
INSERT INTO Microindel_has_ClinicalSignificance (Microindel_idMicroindel, ClinicalSignificance_idClinicalSignificance)
VALUES ("124", "1");
INSERT INTO Microindel_has_ClinicalSignificance (Microindel_idMicroindel, ClinicalSignificance_idClinicalSignificance)
VALUES ("125", "1");
INSERT INTO Microindel_has_ClinicalSignificance (Microindel_idMicroindel, ClinicalSignificance_idClinicalSignificance)
VALUES ("126", "1");
INSERT INTO Microindel_has_ClinicalSignificance (Microindel_idMicroindel, ClinicalSignificance_idClinicalSignificance)
VALUES ("127", "1");
INSERT INTO Microindel_has_ClinicalSignificance (Microindel_idMicroindel, ClinicalSignificance_idClinicalSignificance)
VALUES ("128", "1");
INSERT INTO Microindel_has_ClinicalSignificance (Microindel_idMicroindel, ClinicalSignificance_idClinicalSignificance)
VALUES ("129", "1");
INSERT INTO Microindel_has_ClinicalSignificance (Microindel_idMicroindel, ClinicalSignificance_idClinicalSignificance)
VALUES ("130", "1");
INSERT INTO Microindel_has_ClinicalSignificance (Microindel_idMicroindel, ClinicalSignificance_idClinicalSignificance)
VALUES ("131", "1");
INSERT INTO Microindel_has_ClinicalSignificance (Microindel_idMicroindel, ClinicalSignificance_idClinicalSignificance)
VALUES ("132", "1");
INSERT INTO Microindel_has_ClinicalSignificance (Microindel_idMicroindel, ClinicalSignificance_idClinicalSignificance)
VALUES ("133", "1");
INSERT INTO Microindel_has_ClinicalSignificance (Microindel_idMicroindel, ClinicalSignificance_idClinicalSignificance)
VALUES ("134", "1");
INSERT INTO Microindel_has_ClinicalSignificance (Microindel_idMicroindel, ClinicalSignificance_idClinicalSignificance)
VALUES ("135", "1");
INSERT INTO Microindel_has_ClinicalSignificance (Microindel_idMicroindel, ClinicalSignificance_idClinicalSignificance)
VALUES ("136", "1");
INSERT INTO Microindel_has_ClinicalSignificance (Microindel_idMicroindel, ClinicalSignificance_idClinicalSignificance)
VALUES ("137", "1");
INSERT INTO Microindel_has_ClinicalSignificance (Microindel_idMicroindel, ClinicalSignificance_idClinicalSignificance)
VALUES ("138", "1");
INSERT INTO Microindel_has_ClinicalSignificance (Microindel_idMicroindel, ClinicalSignificance_idClinicalSignificance)
VALUES ("139", "1");
INSERT INTO Microindel_has_ClinicalSignificance (Microindel_idMicroindel, ClinicalSignificance_idClinicalSignificance)
VALUES ("140", "1");
INSERT INTO Microindel_has_ClinicalSignificance (Microindel_idMicroindel, ClinicalSignificance_idClinicalSignificance)
VALUES ("141", "1");
INSERT INTO Microindel_has_ClinicalSignificance (Microindel_idMicroindel, ClinicalSignificance_idClinicalSignificance)
VALUES ("142", "1");
INSERT INTO Microindel_has_ClinicalSignificance (Microindel_idMicroindel, ClinicalSignificance_idClinicalSignificance)
VALUES ("143", "1");
INSERT INTO Microindel_has_ClinicalSignificance (Microindel_idMicroindel, ClinicalSignificance_idClinicalSignificance)
VALUES ("144", "1");
INSERT INTO Microindel_has_ClinicalSignificance (Microindel_idMicroindel, ClinicalSignificance_idClinicalSignificance)
VALUES ("145", "1");
INSERT INTO Microindel_has_ClinicalSignificance (Microindel_idMicroindel, ClinicalSignificance_idClinicalSignificance)
VALUES ("146", "1");
INSERT INTO Microindel_has_ClinicalSignificance (Microindel_idMicroindel, ClinicalSignificance_idClinicalSignificance)
VALUES ("147", "1");
INSERT INTO Microindel_has_ClinicalSignificance (Microindel_idMicroindel, ClinicalSignificance_idClinicalSignificance)
VALUES ("148", "1");
INSERT INTO Microindel_has_ClinicalSignificance (Microindel_idMicroindel, ClinicalSignificance_idClinicalSignificance)
VALUES ("149", "1");
INSERT INTO Microindel_has_ClinicalSignificance (Microindel_idMicroindel, ClinicalSignificance_idClinicalSignificance)
VALUES ("150", "1");
INSERT INTO Microindel_has_ClinicalSignificance (Microindel_idMicroindel, ClinicalSignificance_idClinicalSignificance)
VALUES ("151", "1");
INSERT INTO Microindel_has_ClinicalSignificance (Microindel_idMicroindel, ClinicalSignificance_idClinicalSignificance)
VALUES ("152", "1");
INSERT INTO Microindel_has_ClinicalSignificance (Microindel_idMicroindel, ClinicalSignificance_idClinicalSignificance)
VALUES ("153", "1");
INSERT INTO Microindel_has_ClinicalSignificance (Microindel_idMicroindel, ClinicalSignificance_idClinicalSignificance)
VALUES ("154", "1");
INSERT INTO Microindel_has_ClinicalSignificance (Microindel_idMicroindel, ClinicalSignificance_idClinicalSignificance)
VALUES ("155", "1");
INSERT INTO Microindel_has_ClinicalSignificance (Microindel_idMicroindel, ClinicalSignificance_idClinicalSignificance)
VALUES ("156", "1");
INSERT INTO Microindel_has_ClinicalSignificance (Microindel_idMicroindel, ClinicalSignificance_idClinicalSignificance)
VALUES ("157", "1");
INSERT INTO Microindel_has_ClinicalSignificance (Microindel_idMicroindel, ClinicalSignificance_idClinicalSignificance)
VALUES ("158", "1");
INSERT INTO Microindel_has_ClinicalSignificance (Microindel_idMicroindel, ClinicalSignificance_idClinicalSignificance)
VALUES ("159", "1");
INSERT INTO Microindel_has_ClinicalSignificance (Microindel_idMicroindel, ClinicalSignificance_idClinicalSignificance)
VALUES ("160", "1");
INSERT INTO Microindel_has_ClinicalSignificance (Microindel_idMicroindel, ClinicalSignificance_idClinicalSignificance)
VALUES ("161", "1");
INSERT INTO Microindel_has_ClinicalSignificance (Microindel_idMicroindel, ClinicalSignificance_idClinicalSignificance)
VALUES ("162", "1");
INSERT INTO Microindel_has_ClinicalSignificance (Microindel_idMicroindel, ClinicalSignificance_idClinicalSignificance)
VALUES ("163", "1");
INSERT INTO Microindel_has_ClinicalSignificance (Microindel_idMicroindel, ClinicalSignificance_idClinicalSignificance)
VALUES ("164", "1");
INSERT INTO Microindel_has_ClinicalSignificance (Microindel_idMicroindel, ClinicalSignificance_idClinicalSignificance)
VALUES ("165", "1");
INSERT INTO Microindel_has_ClinicalSignificance (Microindel_idMicroindel, ClinicalSignificance_idClinicalSignificance)
VALUES ("166", "1");
INSERT INTO Microindel_has_ClinicalSignificance (Microindel_idMicroindel, ClinicalSignificance_idClinicalSignificance)
VALUES ("167", "1");
INSERT INTO Microindel_has_ClinicalSignificance (Microindel_idMicroindel, ClinicalSignificance_idClinicalSignificance)
VALUES ("168", "1");
INSERT INTO Microindel_has_ClinicalSignificance (Microindel_idMicroindel, ClinicalSignificance_idClinicalSignificance)
VALUES ("169", "1");
INSERT INTO Microindel_has_ClinicalSignificance (Microindel_idMicroindel, ClinicalSignificance_idClinicalSignificance)
VALUES ("170", "1");
INSERT INTO Microindel_has_ClinicalSignificance (Microindel_idMicroindel, ClinicalSignificance_idClinicalSignificance)
VALUES ("171", "1");
INSERT INTO Microindel_has_ClinicalSignificance (Microindel_idMicroindel, ClinicalSignificance_idClinicalSignificance)
VALUES ("172", "1");
INSERT INTO Microindel_has_ClinicalSignificance (Microindel_idMicroindel, ClinicalSignificance_idClinicalSignificance)
VALUES ("173", "1");
INSERT INTO Microindel_has_ClinicalSignificance (Microindel_idMicroindel, ClinicalSignificance_idClinicalSignificance)
VALUES ("174", "1");
INSERT INTO Microindel_has_ClinicalSignificance (Microindel_idMicroindel, ClinicalSignificance_idClinicalSignificance)
VALUES ("175", "1");
INSERT INTO Microindel_has_ClinicalSignificance (Microindel_idMicroindel, ClinicalSignificance_idClinicalSignificance)
VALUES ("176", "1");
INSERT INTO Microindel_has_ClinicalSignificance (Microindel_idMicroindel, ClinicalSignificance_idClinicalSignificance)
VALUES ("177", "1");
INSERT INTO Microindel_has_ClinicalSignificance (Microindel_idMicroindel, ClinicalSignificance_idClinicalSignificance)
VALUES ("178", "1");
INSERT INTO Microindel_has_ClinicalSignificance (Microindel_idMicroindel, ClinicalSignificance_idClinicalSignificance)
VALUES ("179", "1");
INSERT INTO Microindel_has_ClinicalSignificance (Microindel_idMicroindel, ClinicalSignificance_idClinicalSignificance)
VALUES ("180", "1");
INSERT INTO Microindel_has_ClinicalSignificance (Microindel_idMicroindel, ClinicalSignificance_idClinicalSignificance)
VALUES ("181", "1");
INSERT INTO Microindel_has_ClinicalSignificance (Microindel_idMicroindel, ClinicalSignificance_idClinicalSignificance)
VALUES ("182", "1");
INSERT INTO Microindel_has_ClinicalSignificance (Microindel_idMicroindel, ClinicalSignificance_idClinicalSignificance)
VALUES ("183", "1");
INSERT INTO Microindel_has_ClinicalSignificance (Microindel_idMicroindel, ClinicalSignificance_idClinicalSignificance)
VALUES ("184", "1");
INSERT INTO Microindel_has_ClinicalSignificance (Microindel_idMicroindel, ClinicalSignificance_idClinicalSignificance)
VALUES ("185", "1");
INSERT INTO Microindel_has_ClinicalSignificance (Microindel_idMicroindel, ClinicalSignificance_idClinicalSignificance)
VALUES ("186", "1");
INSERT INTO Microindel_has_ClinicalSignificance (Microindel_idMicroindel, ClinicalSignificance_idClinicalSignificance)
VALUES ("187", "1");
INSERT INTO Microindel_has_ClinicalSignificance (Microindel_idMicroindel, ClinicalSignificance_idClinicalSignificance)
VALUES ("188", "1");
INSERT INTO Microindel_has_ClinicalSignificance (Microindel_idMicroindel, ClinicalSignificance_idClinicalSignificance)
VALUES ("189", "1");
INSERT INTO Microindel_has_ClinicalSignificance (Microindel_idMicroindel, ClinicalSignificance_idClinicalSignificance)
VALUES ("190", "1");
INSERT INTO Microindel_has_ClinicalSignificance (Microindel_idMicroindel, ClinicalSignificance_idClinicalSignificance)
VALUES ("191", "1");
INSERT INTO Microindel_has_ClinicalSignificance (Microindel_idMicroindel, ClinicalSignificance_idClinicalSignificance)
VALUES ("192", "1");
INSERT INTO Microindel_has_ClinicalSignificance (Microindel_idMicroindel, ClinicalSignificance_idClinicalSignificance)
VALUES ("193", "1");
INSERT INTO Microindel_has_ClinicalSignificance (Microindel_idMicroindel, ClinicalSignificance_idClinicalSignificance)
VALUES ("194", "1");
INSERT INTO Microindel_has_ClinicalSignificance (Microindel_idMicroindel, ClinicalSignificance_idClinicalSignificance)
VALUES ("195", "1");
INSERT INTO Microindel_has_ClinicalSignificance (Microindel_idMicroindel, ClinicalSignificance_idClinicalSignificance)
VALUES ("196", "1");
INSERT INTO Microindel_has_ClinicalSignificance (Microindel_idMicroindel, ClinicalSignificance_idClinicalSignificance)
VALUES ("197", "1");
INSERT INTO Microindel_has_Disease (Microindel_idMicroindel, Disease_idDisease)
VALUES ("1", "1");
INSERT INTO Microindel_has_Disease (Microindel_idMicroindel, Disease_idDisease)
VALUES ("2", "1");
INSERT INTO Microindel_has_Disease (Microindel_idMicroindel, Disease_idDisease)
VALUES ("3", "1");
INSERT INTO Microindel_has_Disease (Microindel_idMicroindel, Disease_idDisease)
VALUES ("4", "1");
INSERT INTO Microindel_has_Disease (Microindel_idMicroindel, Disease_idDisease)
VALUES ("5", "1");
INSERT INTO Microindel_has_Disease (Microindel_idMicroindel, Disease_idDisease)
VALUES ("6", "1");
INSERT INTO Microindel_has_Disease (Microindel_idMicroindel, Disease_idDisease)
VALUES ("7", "1");
INSERT INTO Microindel_has_Disease (Microindel_idMicroindel, Disease_idDisease)
VALUES ("8", "1");
INSERT INTO Microindel_has_Disease (Microindel_idMicroindel, Disease_idDisease)
VALUES ("9", "1");
INSERT INTO Microindel_has_Disease (Microindel_idMicroindel, Disease_idDisease)
VALUES ("10", "1");
INSERT INTO Microindel_has_Disease (Microindel_idMicroindel, Disease_idDisease)
VALUES ("11", "1");
INSERT INTO Microindel_has_Disease (Microindel_idMicroindel, Disease_idDisease)
VALUES ("12", "1");
INSERT INTO Microindel_has_Disease (Microindel_idMicroindel, Disease_idDisease)
VALUES ("13", "1");
INSERT INTO Microindel_has_Disease (Microindel_idMicroindel, Disease_idDisease)
VALUES ("14", "1");
INSERT INTO Microindel_has_Disease (Microindel_idMicroindel, Disease_idDisease)
VALUES ("15", "1");
INSERT INTO Microindel_has_Disease (Microindel_idMicroindel, Disease_idDisease)
VALUES ("16", "1");
INSERT INTO Microindel_has_Disease (Microindel_idMicroindel, Disease_idDisease)
VALUES ("17", "1");
INSERT INTO Microindel_has_Disease (Microindel_idMicroindel, Disease_idDisease)
VALUES ("18", "1");
INSERT INTO Microindel_has_Disease (Microindel_idMicroindel, Disease_idDisease)
VALUES ("19", "1");
INSERT INTO Microindel_has_Disease (Microindel_idMicroindel, Disease_idDisease)
VALUES ("20", "1");
INSERT INTO Microindel_has_Disease (Microindel_idMicroindel, Disease_idDisease)
VALUES ("21", "1");
INSERT INTO Microindel_has_Disease (Microindel_idMicroindel, Disease_idDisease)
VALUES ("22", "1");
INSERT INTO Microindel_has_Disease (Microindel_idMicroindel, Disease_idDisease)
VALUES ("23", "1");
INSERT INTO Microindel_has_Disease (Microindel_idMicroindel, Disease_idDisease)
VALUES ("24", "1");
INSERT INTO Microindel_has_Disease (Microindel_idMicroindel, Disease_idDisease)
VALUES ("25", "1");
INSERT INTO Microindel_has_Disease (Microindel_idMicroindel, Disease_idDisease)
VALUES ("26", "1");
INSERT INTO Microindel_has_Disease (Microindel_idMicroindel, Disease_idDisease)
VALUES ("27", "1");
INSERT INTO Microindel_has_Disease (Microindel_idMicroindel, Disease_idDisease)
VALUES ("28", "1");
INSERT INTO Microindel_has_Disease (Microindel_idMicroindel, Disease_idDisease)
VALUES ("29", "1");
INSERT INTO Microindel_has_Disease (Microindel_idMicroindel, Disease_idDisease)
VALUES ("30", "1");
INSERT INTO Microindel_has_Disease (Microindel_idMicroindel, Disease_idDisease)
VALUES ("31", "1");
INSERT INTO Microindel_has_Disease (Microindel_idMicroindel, Disease_idDisease)
VALUES ("32", "1");
INSERT INTO Microindel_has_Disease (Microindel_idMicroindel, Disease_idDisease)
VALUES ("33", "1");
INSERT INTO Microindel_has_Disease (Microindel_idMicroindel, Disease_idDisease)
VALUES ("34", "1");
INSERT INTO Microindel_has_Disease (Microindel_idMicroindel, Disease_idDisease)
VALUES ("35", "1");
INSERT INTO Microindel_has_Disease (Microindel_idMicroindel, Disease_idDisease)
VALUES ("36", "1");
INSERT INTO Microindel_has_Disease (Microindel_idMicroindel, Disease_idDisease)
VALUES ("37", "1");
INSERT INTO Microindel_has_Disease (Microindel_idMicroindel, Disease_idDisease)
VALUES ("38", "1");
INSERT INTO Microindel_has_Disease (Microindel_idMicroindel, Disease_idDisease)
VALUES ("39", "1");
INSERT INTO Microindel_has_Disease (Microindel_idMicroindel, Disease_idDisease)
VALUES ("40", "1");
INSERT INTO Microindel_has_Disease (Microindel_idMicroindel, Disease_idDisease)
VALUES ("41", "1");
INSERT INTO Microindel_has_Disease (Microindel_idMicroindel, Disease_idDisease)
VALUES ("42", "1");
INSERT INTO Microindel_has_Disease (Microindel_idMicroindel, Disease_idDisease)
VALUES ("43", "1");
INSERT INTO Microindel_has_Disease (Microindel_idMicroindel, Disease_idDisease)
VALUES ("44", "1");
INSERT INTO Microindel_has_Disease (Microindel_idMicroindel, Disease_idDisease)
VALUES ("45", "1");
INSERT INTO Microindel_has_Disease (Microindel_idMicroindel, Disease_idDisease)
VALUES ("46", "1");
INSERT INTO Microindel_has_Disease (Microindel_idMicroindel, Disease_idDisease)
VALUES ("47", "1");
INSERT INTO Microindel_has_Disease (Microindel_idMicroindel, Disease_idDisease)
VALUES ("48", "1");
INSERT INTO Microindel_has_Disease (Microindel_idMicroindel, Disease_idDisease)
VALUES ("49", "1");
INSERT INTO Microindel_has_Disease (Microindel_idMicroindel, Disease_idDisease)
VALUES ("50", "1");
INSERT INTO Microindel_has_Disease (Microindel_idMicroindel, Disease_idDisease)
VALUES ("51", "1");
INSERT INTO Microindel_has_Disease (Microindel_idMicroindel, Disease_idDisease)
VALUES ("52", "1");
INSERT INTO Microindel_has_Disease (Microindel_idMicroindel, Disease_idDisease)
VALUES ("53", "1");
INSERT INTO Microindel_has_Disease (Microindel_idMicroindel, Disease_idDisease)
VALUES ("54", "1");
INSERT INTO Microindel_has_Disease (Microindel_idMicroindel, Disease_idDisease)
VALUES ("55", "1");
INSERT INTO Microindel_has_Disease (Microindel_idMicroindel, Disease_idDisease)
VALUES ("56", "1");
INSERT INTO Microindel_has_Disease (Microindel_idMicroindel, Disease_idDisease)
VALUES ("57", "1");
INSERT INTO Microindel_has_Disease (Microindel_idMicroindel, Disease_idDisease)
VALUES ("58", "1");
INSERT INTO Microindel_has_Disease (Microindel_idMicroindel, Disease_idDisease)
VALUES ("59", "1");
INSERT INTO Microindel_has_Disease (Microindel_idMicroindel, Disease_idDisease)
VALUES ("60", "1");
INSERT INTO Microindel_has_Disease (Microindel_idMicroindel, Disease_idDisease)
VALUES ("61", "1");
INSERT INTO Microindel_has_Disease (Microindel_idMicroindel, Disease_idDisease)
VALUES ("62", "1");
INSERT INTO Microindel_has_Disease (Microindel_idMicroindel, Disease_idDisease)
VALUES ("63", "1");
INSERT INTO Microindel_has_Disease (Microindel_idMicroindel, Disease_idDisease)
VALUES ("64", "1");
INSERT INTO Microindel_has_Disease (Microindel_idMicroindel, Disease_idDisease)
VALUES ("65", "1");
INSERT INTO Microindel_has_Disease (Microindel_idMicroindel, Disease_idDisease)
VALUES ("66", "1");
INSERT INTO Microindel_has_Disease (Microindel_idMicroindel, Disease_idDisease)
VALUES ("67", "1");
INSERT INTO Microindel_has_Disease (Microindel_idMicroindel, Disease_idDisease)
VALUES ("68", "1");
INSERT INTO Microindel_has_Disease (Microindel_idMicroindel, Disease_idDisease)
VALUES ("69", "1");
INSERT INTO Microindel_has_Disease (Microindel_idMicroindel, Disease_idDisease)
VALUES ("70", "1");
INSERT INTO Microindel_has_Disease (Microindel_idMicroindel, Disease_idDisease)
VALUES ("71", "1");
INSERT INTO Microindel_has_Disease (Microindel_idMicroindel, Disease_idDisease)
VALUES ("72", "1");
INSERT INTO Microindel_has_Disease (Microindel_idMicroindel, Disease_idDisease)
VALUES ("73", "1");
INSERT INTO Microindel_has_Disease (Microindel_idMicroindel, Disease_idDisease)
VALUES ("74", "2");
INSERT INTO Microindel_has_Disease (Microindel_idMicroindel, Disease_idDisease)
VALUES ("75", "1");
INSERT INTO Microindel_has_Disease (Microindel_idMicroindel, Disease_idDisease)
VALUES ("76", "1");
INSERT INTO Microindel_has_Disease (Microindel_idMicroindel, Disease_idDisease)
VALUES ("77", "1");
INSERT INTO Microindel_has_Disease (Microindel_idMicroindel, Disease_idDisease)
VALUES ("78", "1");
INSERT INTO Microindel_has_Disease (Microindel_idMicroindel, Disease_idDisease)
VALUES ("79", "1");
INSERT INTO Microindel_has_Disease (Microindel_idMicroindel, Disease_idDisease)
VALUES ("80", "1");
INSERT INTO Microindel_has_Disease (Microindel_idMicroindel, Disease_idDisease)
VALUES ("81", "1");
INSERT INTO Microindel_has_Disease (Microindel_idMicroindel, Disease_idDisease)
VALUES ("82", "1");
INSERT INTO Microindel_has_Disease (Microindel_idMicroindel, Disease_idDisease)
VALUES ("83", "1");
INSERT INTO Microindel_has_Disease (Microindel_idMicroindel, Disease_idDisease)
VALUES ("84", "1");
INSERT INTO Microindel_has_Disease (Microindel_idMicroindel, Disease_idDisease)
VALUES ("85", "1");
INSERT INTO Microindel_has_Disease (Microindel_idMicroindel, Disease_idDisease)
VALUES ("86", "1");
INSERT INTO Microindel_has_Disease (Microindel_idMicroindel, Disease_idDisease)
VALUES ("87", "1");
INSERT INTO Microindel_has_Disease (Microindel_idMicroindel, Disease_idDisease)
VALUES ("88", "1");
INSERT INTO Microindel_has_Disease (Microindel_idMicroindel, Disease_idDisease)
VALUES ("89", "1");
INSERT INTO Microindel_has_Disease (Microindel_idMicroindel, Disease_idDisease)
VALUES ("90", "1");
INSERT INTO Microindel_has_Disease (Microindel_idMicroindel, Disease_idDisease)
VALUES ("91", "1");
INSERT INTO Microindel_has_Disease (Microindel_idMicroindel, Disease_idDisease)
VALUES ("92", "1");
INSERT INTO Microindel_has_Disease (Microindel_idMicroindel, Disease_idDisease)
VALUES ("93", "1");
INSERT INTO Microindel_has_Disease (Microindel_idMicroindel, Disease_idDisease)
VALUES ("94", "1");
INSERT INTO Microindel_has_Disease (Microindel_idMicroindel, Disease_idDisease)
VALUES ("95", "1");
INSERT INTO Microindel_has_Disease (Microindel_idMicroindel, Disease_idDisease)
VALUES ("96", "1");
INSERT INTO Microindel_has_Disease (Microindel_idMicroindel, Disease_idDisease)
VALUES ("97", "1");
INSERT INTO Microindel_has_Disease (Microindel_idMicroindel, Disease_idDisease)
VALUES ("98", "1");
INSERT INTO Microindel_has_Disease (Microindel_idMicroindel, Disease_idDisease)
VALUES ("99", "1");
INSERT INTO Microindel_has_Disease (Microindel_idMicroindel, Disease_idDisease)
VALUES ("100", "1");
INSERT INTO Microindel_has_Disease (Microindel_idMicroindel, Disease_idDisease)
VALUES ("101", "1");
INSERT INTO Microindel_has_Disease (Microindel_idMicroindel, Disease_idDisease)
VALUES ("102", "1");
INSERT INTO Microindel_has_Disease (Microindel_idMicroindel, Disease_idDisease)
VALUES ("103", "1");
INSERT INTO Microindel_has_Disease (Microindel_idMicroindel, Disease_idDisease)
VALUES ("104", "1");
INSERT INTO Microindel_has_Disease (Microindel_idMicroindel, Disease_idDisease)
VALUES ("105", "1");
INSERT INTO Microindel_has_Disease (Microindel_idMicroindel, Disease_idDisease)
VALUES ("106", "1");
INSERT INTO Microindel_has_Disease (Microindel_idMicroindel, Disease_idDisease)
VALUES ("107", "1");
INSERT INTO Microindel_has_Disease (Microindel_idMicroindel, Disease_idDisease)
VALUES ("108", "1");
INSERT INTO Microindel_has_Disease (Microindel_idMicroindel, Disease_idDisease)
VALUES ("109", "1");
INSERT INTO Microindel_has_Disease (Microindel_idMicroindel, Disease_idDisease)
VALUES ("110", "1");
INSERT INTO Microindel_has_Disease (Microindel_idMicroindel, Disease_idDisease)
VALUES ("111", "1");
INSERT INTO Microindel_has_Disease (Microindel_idMicroindel, Disease_idDisease)
VALUES ("112", "1");
INSERT INTO Microindel_has_Disease (Microindel_idMicroindel, Disease_idDisease)
VALUES ("113", "1");
INSERT INTO Microindel_has_Disease (Microindel_idMicroindel, Disease_idDisease)
VALUES ("114", "1");
INSERT INTO Microindel_has_Disease (Microindel_idMicroindel, Disease_idDisease)
VALUES ("115", "1");
INSERT INTO Microindel_has_Disease (Microindel_idMicroindel, Disease_idDisease)
VALUES ("116", "1");
INSERT INTO Microindel_has_Disease (Microindel_idMicroindel, Disease_idDisease)
VALUES ("117", "1");
INSERT INTO Microindel_has_Disease (Microindel_idMicroindel, Disease_idDisease)
VALUES ("118", "1");
INSERT INTO Microindel_has_Disease (Microindel_idMicroindel, Disease_idDisease)
VALUES ("119", "1");
INSERT INTO Microindel_has_Disease (Microindel_idMicroindel, Disease_idDisease)
VALUES ("120", "1");
INSERT INTO Microindel_has_Disease (Microindel_idMicroindel, Disease_idDisease)
VALUES ("121", "1");
INSERT INTO Microindel_has_Disease (Microindel_idMicroindel, Disease_idDisease)
VALUES ("122", "1");
INSERT INTO Microindel_has_Disease (Microindel_idMicroindel, Disease_idDisease)
VALUES ("123", "1");
INSERT INTO Microindel_has_Disease (Microindel_idMicroindel, Disease_idDisease)
VALUES ("124", "1");
INSERT INTO Microindel_has_Disease (Microindel_idMicroindel, Disease_idDisease)
VALUES ("125", "1");
INSERT INTO Microindel_has_Disease (Microindel_idMicroindel, Disease_idDisease)
VALUES ("126", "1");
INSERT INTO Microindel_has_Disease (Microindel_idMicroindel, Disease_idDisease)
VALUES ("127", "1");
INSERT INTO Microindel_has_Disease (Microindel_idMicroindel, Disease_idDisease)
VALUES ("128", "1");
INSERT INTO Microindel_has_Disease (Microindel_idMicroindel, Disease_idDisease)
VALUES ("129", "1");
INSERT INTO Microindel_has_Disease (Microindel_idMicroindel, Disease_idDisease)
VALUES ("130", "1");
INSERT INTO Microindel_has_Disease (Microindel_idMicroindel, Disease_idDisease)
VALUES ("131", "1");
INSERT INTO Microindel_has_Disease (Microindel_idMicroindel, Disease_idDisease)
VALUES ("132", "1");
INSERT INTO Microindel_has_Disease (Microindel_idMicroindel, Disease_idDisease)
VALUES ("133", "1");
INSERT INTO Microindel_has_Disease (Microindel_idMicroindel, Disease_idDisease)
VALUES ("134", "1");
INSERT INTO Microindel_has_Disease (Microindel_idMicroindel, Disease_idDisease)
VALUES ("135", "1");
INSERT INTO Microindel_has_Disease (Microindel_idMicroindel, Disease_idDisease)
VALUES ("136", "1");
INSERT INTO Microindel_has_Disease (Microindel_idMicroindel, Disease_idDisease)
VALUES ("137", "1");
INSERT INTO Microindel_has_Disease (Microindel_idMicroindel, Disease_idDisease)
VALUES ("138", "1");
INSERT INTO Microindel_has_Disease (Microindel_idMicroindel, Disease_idDisease)
VALUES ("139", "1");
INSERT INTO Microindel_has_Disease (Microindel_idMicroindel, Disease_idDisease)
VALUES ("140", "1");
INSERT INTO Microindel_has_Disease (Microindel_idMicroindel, Disease_idDisease)
VALUES ("141", "1");
INSERT INTO Microindel_has_Disease (Microindel_idMicroindel, Disease_idDisease)
VALUES ("142", "1");
INSERT INTO Microindel_has_Disease (Microindel_idMicroindel, Disease_idDisease)
VALUES ("143", "1");
INSERT INTO Microindel_has_Disease (Microindel_idMicroindel, Disease_idDisease)
VALUES ("144", "1");
INSERT INTO Microindel_has_Disease (Microindel_idMicroindel, Disease_idDisease)
VALUES ("145", "1");
INSERT INTO Microindel_has_Disease (Microindel_idMicroindel, Disease_idDisease)
VALUES ("146", "1");
INSERT INTO Microindel_has_Disease (Microindel_idMicroindel, Disease_idDisease)
VALUES ("147", "1");
INSERT INTO Microindel_has_Disease (Microindel_idMicroindel, Disease_idDisease)
VALUES ("148", "1");
INSERT INTO Microindel_has_Disease (Microindel_idMicroindel, Disease_idDisease)
VALUES ("149", "1");
INSERT INTO Microindel_has_Disease (Microindel_idMicroindel, Disease_idDisease)
VALUES ("150", "1");
INSERT INTO Microindel_has_Disease (Microindel_idMicroindel, Disease_idDisease)
VALUES ("151", "1");
INSERT INTO Microindel_has_Disease (Microindel_idMicroindel, Disease_idDisease)
VALUES ("152", "1");
INSERT INTO Microindel_has_Disease (Microindel_idMicroindel, Disease_idDisease)
VALUES ("153", "1");
INSERT INTO Microindel_has_Disease (Microindel_idMicroindel, Disease_idDisease)
VALUES ("154", "1");
INSERT INTO Microindel_has_Disease (Microindel_idMicroindel, Disease_idDisease)
VALUES ("155", "1");
INSERT INTO Microindel_has_Disease (Microindel_idMicroindel, Disease_idDisease)
VALUES ("156", "1");
INSERT INTO Microindel_has_Disease (Microindel_idMicroindel, Disease_idDisease)
VALUES ("157", "1");
INSERT INTO Microindel_has_Disease (Microindel_idMicroindel, Disease_idDisease)
VALUES ("158", "1");
INSERT INTO Microindel_has_Disease (Microindel_idMicroindel, Disease_idDisease)
VALUES ("159", "1");
INSERT INTO Microindel_has_Disease (Microindel_idMicroindel, Disease_idDisease)
VALUES ("160", "1");
INSERT INTO Microindel_has_Disease (Microindel_idMicroindel, Disease_idDisease)
VALUES ("161", "1");
INSERT INTO Microindel_has_Disease (Microindel_idMicroindel, Disease_idDisease)
VALUES ("162", "1");
INSERT INTO Microindel_has_Disease (Microindel_idMicroindel, Disease_idDisease)
VALUES ("163", "1");
INSERT INTO Microindel_has_Disease (Microindel_idMicroindel, Disease_idDisease)
VALUES ("164", "1");
INSERT INTO Microindel_has_Disease (Microindel_idMicroindel, Disease_idDisease)
VALUES ("165", "1");
INSERT INTO Microindel_has_Disease (Microindel_idMicroindel, Disease_idDisease)
VALUES ("166", "1");
INSERT INTO Microindel_has_Disease (Microindel_idMicroindel, Disease_idDisease)
VALUES ("167", "1");
INSERT INTO Microindel_has_Disease (Microindel_idMicroindel, Disease_idDisease)
VALUES ("168", "1");
INSERT INTO Microindel_has_Disease (Microindel_idMicroindel, Disease_idDisease)
VALUES ("169", "1");
INSERT INTO Microindel_has_Disease (Microindel_idMicroindel, Disease_idDisease)
VALUES ("170", "1");
INSERT INTO Microindel_has_Disease (Microindel_idMicroindel, Disease_idDisease)
VALUES ("171", "1");
INSERT INTO Microindel_has_Disease (Microindel_idMicroindel, Disease_idDisease)
VALUES ("172", "1");
INSERT INTO Microindel_has_Disease (Microindel_idMicroindel, Disease_idDisease)
VALUES ("173", "1");
INSERT INTO Microindel_has_Disease (Microindel_idMicroindel, Disease_idDisease)
VALUES ("174", "1");
INSERT INTO Microindel_has_Disease (Microindel_idMicroindel, Disease_idDisease)
VALUES ("175", "1");
INSERT INTO Microindel_has_Disease (Microindel_idMicroindel, Disease_idDisease)
VALUES ("176", "1");
INSERT INTO Microindel_has_Disease (Microindel_idMicroindel, Disease_idDisease)
VALUES ("177", "1");
INSERT INTO Microindel_has_Disease (Microindel_idMicroindel, Disease_idDisease)
VALUES ("178", "1");
INSERT INTO Microindel_has_Disease (Microindel_idMicroindel, Disease_idDisease)
VALUES ("179", "1");
INSERT INTO Microindel_has_Disease (Microindel_idMicroindel, Disease_idDisease)
VALUES ("180", "1");
INSERT INTO Microindel_has_Disease (Microindel_idMicroindel, Disease_idDisease)
VALUES ("181", "1");
INSERT INTO Microindel_has_Disease (Microindel_idMicroindel, Disease_idDisease)
VALUES ("182", "1");
INSERT INTO Microindel_has_Disease (Microindel_idMicroindel, Disease_idDisease)
VALUES ("183", "1");
INSERT INTO Microindel_has_Disease (Microindel_idMicroindel, Disease_idDisease)
VALUES ("184", "1");
INSERT INTO Microindel_has_Disease (Microindel_idMicroindel, Disease_idDisease)
VALUES ("185", "1");
INSERT INTO Microindel_has_Disease (Microindel_idMicroindel, Disease_idDisease)
VALUES ("186", "1");
INSERT INTO Microindel_has_Disease (Microindel_idMicroindel, Disease_idDisease)
VALUES ("187", "1");
INSERT INTO Microindel_has_Disease (Microindel_idMicroindel, Disease_idDisease)
VALUES ("188", "1");
INSERT INTO Microindel_has_Disease (Microindel_idMicroindel, Disease_idDisease)
VALUES ("189", "1");
INSERT INTO Microindel_has_Disease (Microindel_idMicroindel, Disease_idDisease)
VALUES ("190", "1");
INSERT INTO Microindel_has_Disease (Microindel_idMicroindel, Disease_idDisease)
VALUES ("191", "1");
INSERT INTO Microindel_has_Disease (Microindel_idMicroindel, Disease_idDisease)
VALUES ("192", "1");
INSERT INTO Microindel_has_Disease (Microindel_idMicroindel, Disease_idDisease)
VALUES ("193", "1");
INSERT INTO Microindel_has_Disease (Microindel_idMicroindel, Disease_idDisease)
VALUES ("194", "1");
INSERT INTO Microindel_has_Disease (Microindel_idMicroindel, Disease_idDisease)
VALUES ("195", "1");
INSERT INTO Microindel_has_Disease (Microindel_idMicroindel, Disease_idDisease)
VALUES ("196", "1");
INSERT INTO Microindel_has_Disease (Microindel_idMicroindel, Disease_idDisease)
VALUES ("197", "1");
ALTER TABLE Microindel ADD FULLTEXT INDEX `FullText` (`Name` ASC);
ALTER TABLE Disease ADD FULLTEXT INDEX `FullText` (`DiseaseName` ASC);
ALTER TABLE Gene ADD FULLTEXT INDEX `FullText` (`GeneName` ASC);
